sctbench.cs.origin.BluetoothDriverBad,pct3,2,29
sctbench.cs.origin.BluetoothDriverBad,pct3,0,24
sctbench.cs.origin.BluetoothDriverBad,pct3,4,30
sctbench.cs.origin.BluetoothDriverBad,pct3,0,24
sctbench.cs.origin.BluetoothDriverBad,pct3,3,28
sctbench.cs.origin.BluetoothDriverBad,pct3,2,27
sctbench.cs.origin.BluetoothDriverBad,pct3,1,26
sctbench.cs.origin.BluetoothDriverBad,pct3,0,24
sctbench.cs.origin.BluetoothDriverBad,pct3,0,25
sctbench.cs.origin.BluetoothDriverBad,pct3,3,27
sctbench.cs.origin.BluetoothDriverBad,pct10,0,23
sctbench.cs.origin.BluetoothDriverBad,pct10,2,27
sctbench.cs.origin.BluetoothDriverBad,pct10,0,19
sctbench.cs.origin.BluetoothDriverBad,pct10,1,28
sctbench.cs.origin.BluetoothDriverBad,pct10,0,23
sctbench.cs.origin.BluetoothDriverBad,pct10,0,24
sctbench.cs.origin.BluetoothDriverBad,pct10,2,28
sctbench.cs.origin.BluetoothDriverBad,pct10,0,19
sctbench.cs.origin.BluetoothDriverBad,pct10,1,25
sctbench.cs.origin.BluetoothDriverBad,pct10,0,20
sctbench.cs.origin.BluetoothDriverBad,pct25,1,26
sctbench.cs.origin.BluetoothDriverBad,pct25,0,25
sctbench.cs.origin.BluetoothDriverBad,pct25,1,24
sctbench.cs.origin.BluetoothDriverBad,pct25,0,23
sctbench.cs.origin.BluetoothDriverBad,pct25,0,24
sctbench.cs.origin.BluetoothDriverBad,pct25,0,23
sctbench.cs.origin.BluetoothDriverBad,pct25,0,25
sctbench.cs.origin.BluetoothDriverBad,pct25,2,27
sctbench.cs.origin.BluetoothDriverBad,pct25,1,25
sctbench.cs.origin.BluetoothDriverBad,pct25,0,22
sctbench.cs.origin.BluetoothDriverBad,pos,1,27
sctbench.cs.origin.BluetoothDriverBad,pos,0,19
sctbench.cs.origin.BluetoothDriverBad,pos,4,28
sctbench.cs.origin.BluetoothDriverBad,pos,2,29
sctbench.cs.origin.BluetoothDriverBad,pos,1,26
sctbench.cs.origin.BluetoothDriverBad,pos,0,19
sctbench.cs.origin.BluetoothDriverBad,pos,0,19
sctbench.cs.origin.BluetoothDriverBad,pos,2,27
sctbench.cs.origin.BluetoothDriverBad,pos,0,20
sctbench.cs.origin.BluetoothDriverBad,pos,0,24
sctbench.cs.origin.BluetoothDriverBad,random,0,19
sctbench.cs.origin.BluetoothDriverBad,random,7,32
sctbench.cs.origin.BluetoothDriverBad,random,2,26
sctbench.cs.origin.BluetoothDriverBad,random,4,29
sctbench.cs.origin.BluetoothDriverBad,random,6,30
sctbench.cs.origin.BluetoothDriverBad,random,5,30
sctbench.cs.origin.BluetoothDriverBad,random,3,27
sctbench.cs.origin.BluetoothDriverBad,random,5,32
sctbench.cs.origin.BluetoothDriverBad,random,0,24
sctbench.cs.origin.BluetoothDriverBad,random,0,21
sctbench.cs.origin.Wronglock1Bad,pct3,8,38
sctbench.cs.origin.Wronglock1Bad,pct3,11,42
sctbench.cs.origin.Wronglock1Bad,pct3,19,50
sctbench.cs.origin.Wronglock1Bad,pct3,13,43
sctbench.cs.origin.Wronglock1Bad,pct3,39,74
sctbench.cs.origin.Wronglock1Bad,pct3,7,37
sctbench.cs.origin.Wronglock1Bad,pct3,15,47
sctbench.cs.origin.Wronglock1Bad,pct3,5,35
sctbench.cs.origin.Wronglock1Bad,pct3,0,30
sctbench.cs.origin.Wronglock1Bad,pct3,2,30
sctbench.cs.origin.Wronglock1Bad,pct10,29,66
sctbench.cs.origin.Wronglock1Bad,pct10,1,31
sctbench.cs.origin.Wronglock1Bad,pct10,5,35
sctbench.cs.origin.Wronglock1Bad,pct10,7,36
sctbench.cs.origin.Wronglock1Bad,pct10,4,33
sctbench.cs.origin.Wronglock1Bad,pct10,2,30
sctbench.cs.origin.Wronglock1Bad,pct10,2,32
sctbench.cs.origin.Wronglock1Bad,pct10,1,29
sctbench.cs.origin.Wronglock1Bad,pct10,1,28
sctbench.cs.origin.Wronglock1Bad,pct10,1,29
sctbench.cs.origin.Wronglock1Bad,pct25,-1,3171
sctbench.cs.origin.Wronglock1Bad,pct25,-1,3035
sctbench.cs.origin.Wronglock1Bad,pct25,0,30
sctbench.cs.origin.Wronglock1Bad,pct25,-1,3066
sctbench.cs.origin.Wronglock1Bad,pct25,-1,3019
sctbench.cs.origin.Wronglock1Bad,pct25,-1,3041
sctbench.cs.origin.Wronglock1Bad,pct25,0,29
sctbench.cs.origin.Wronglock1Bad,pct25,-1,3069
sctbench.cs.origin.Wronglock1Bad,pct25,0,28
sctbench.cs.origin.Wronglock1Bad,pct25,-1,3070
sctbench.cs.origin.Wronglock1Bad,pos,6,39
sctbench.cs.origin.Wronglock1Bad,pos,4,35
sctbench.cs.origin.Wronglock1Bad,pos,0,31
sctbench.cs.origin.Wronglock1Bad,pos,2,31
sctbench.cs.origin.Wronglock1Bad,pos,0,28
sctbench.cs.origin.Wronglock1Bad,pos,1,31
sctbench.cs.origin.Wronglock1Bad,pos,0,27
sctbench.cs.origin.Wronglock1Bad,pos,4,33
sctbench.cs.origin.Wronglock1Bad,pos,5,37
sctbench.cs.origin.Wronglock1Bad,pos,1,33
sctbench.cs.origin.Wronglock1Bad,random,0,28
sctbench.cs.origin.Wronglock1Bad,random,1,30
sctbench.cs.origin.Wronglock1Bad,random,1,28
sctbench.cs.origin.Wronglock1Bad,random,2,33
sctbench.cs.origin.Wronglock1Bad,random,3,32
sctbench.cs.origin.Wronglock1Bad,random,10,41
sctbench.cs.origin.Wronglock1Bad,random,4,35
sctbench.cs.origin.Wronglock1Bad,random,2,32
sctbench.cs.origin.Wronglock1Bad,random,4,33
sctbench.cs.origin.Wronglock1Bad,random,5,35
sctbench.cs.origin.StackBad,pct3,1,27
sctbench.cs.origin.StackBad,pct3,0,26
sctbench.cs.origin.StackBad,pct3,1,28
sctbench.cs.origin.StackBad,pct3,0,25
sctbench.cs.origin.StackBad,pct3,0,27
sctbench.cs.origin.StackBad,pct3,1,27
sctbench.cs.origin.StackBad,pct3,1,27
sctbench.cs.origin.StackBad,pct3,1,27
sctbench.cs.origin.StackBad,pct3,1,28
sctbench.cs.origin.StackBad,pct3,1,27
sctbench.cs.origin.StackBad,pct10,1,28
sctbench.cs.origin.StackBad,pct10,1,27
sctbench.cs.origin.StackBad,pct10,0,25
sctbench.cs.origin.StackBad,pct10,0,25
sctbench.cs.origin.StackBad,pct10,0,25
sctbench.cs.origin.StackBad,pct10,1,28
sctbench.cs.origin.StackBad,pct10,0,26
sctbench.cs.origin.StackBad,pct10,2,30
sctbench.cs.origin.StackBad,pct10,1,28
sctbench.cs.origin.StackBad,pct10,0,25
sctbench.cs.origin.StackBad,pct25,1,28
sctbench.cs.origin.StackBad,pct25,0,26
sctbench.cs.origin.StackBad,pct25,1,29
sctbench.cs.origin.StackBad,pct25,3,33
sctbench.cs.origin.StackBad,pct25,0,27
sctbench.cs.origin.StackBad,pct25,1,29
sctbench.cs.origin.StackBad,pct25,1,28
sctbench.cs.origin.StackBad,pct25,1,28
sctbench.cs.origin.StackBad,pct25,1,26
sctbench.cs.origin.StackBad,pct25,1,27
sctbench.cs.origin.StackBad,pos,1,29
sctbench.cs.origin.StackBad,pos,0,22
sctbench.cs.origin.StackBad,pos,1,29
sctbench.cs.origin.StackBad,pos,0,27
sctbench.cs.origin.StackBad,pos,0,27
sctbench.cs.origin.StackBad,pos,0,25
sctbench.cs.origin.StackBad,pos,0,26
sctbench.cs.origin.StackBad,pos,0,27
sctbench.cs.origin.StackBad,pos,0,21
sctbench.cs.origin.StackBad,pos,0,27
sctbench.cs.origin.StackBad,random,1,29
sctbench.cs.origin.StackBad,random,0,25
sctbench.cs.origin.StackBad,random,0,27
sctbench.cs.origin.StackBad,random,9,46
sctbench.cs.origin.StackBad,random,0,21
sctbench.cs.origin.StackBad,random,1,29
sctbench.cs.origin.StackBad,random,0,22
sctbench.cs.origin.StackBad,random,1,26
sctbench.cs.origin.StackBad,random,0,21
sctbench.cs.origin.StackBad,random,1,28
sctbench.cs.origin.TokenRingBad,pct3,3,27
sctbench.cs.origin.TokenRingBad,pct3,0,21
sctbench.cs.origin.TokenRingBad,pct3,1,26
sctbench.cs.origin.TokenRingBad,pct3,0,21
sctbench.cs.origin.TokenRingBad,pct3,2,30
sctbench.cs.origin.TokenRingBad,pct3,1,26
sctbench.cs.origin.TokenRingBad,pct3,3,32
sctbench.cs.origin.TokenRingBad,pct3,1,26
sctbench.cs.origin.TokenRingBad,pct3,1,26
sctbench.cs.origin.TokenRingBad,pct3,0,24
sctbench.cs.origin.TokenRingBad,pct10,2,26
sctbench.cs.origin.TokenRingBad,pct10,3,32
sctbench.cs.origin.TokenRingBad,pct10,2,26
sctbench.cs.origin.TokenRingBad,pct10,0,21
sctbench.cs.origin.TokenRingBad,pct10,0,21
sctbench.cs.origin.TokenRingBad,pct10,0,22
sctbench.cs.origin.TokenRingBad,pct10,2,29
sctbench.cs.origin.TokenRingBad,pct10,1,23
sctbench.cs.origin.TokenRingBad,pct10,1,24
sctbench.cs.origin.TokenRingBad,pct10,1,23
sctbench.cs.origin.TokenRingBad,pct25,3,28
sctbench.cs.origin.TokenRingBad,pct25,1,28
sctbench.cs.origin.TokenRingBad,pct25,1,23
sctbench.cs.origin.TokenRingBad,pct25,3,29
sctbench.cs.origin.TokenRingBad,pct25,3,32
sctbench.cs.origin.TokenRingBad,pct25,1,22
sctbench.cs.origin.TokenRingBad,pct25,1,25
sctbench.cs.origin.TokenRingBad,pct25,1,25
sctbench.cs.origin.TokenRingBad,pct25,4,34
sctbench.cs.origin.TokenRingBad,pct25,1,23
sctbench.cs.origin.TokenRingBad,pos,1,26
sctbench.cs.origin.TokenRingBad,pos,0,22
sctbench.cs.origin.TokenRingBad,pos,1,27
sctbench.cs.origin.TokenRingBad,pos,4,35
sctbench.cs.origin.TokenRingBad,pos,1,28
sctbench.cs.origin.TokenRingBad,pos,1,26
sctbench.cs.origin.TokenRingBad,pos,0,21
sctbench.cs.origin.TokenRingBad,pos,1,28
sctbench.cs.origin.TokenRingBad,pos,1,25
sctbench.cs.origin.TokenRingBad,pos,0,21
sctbench.cs.origin.TokenRingBad,random,2,28
sctbench.cs.origin.TokenRingBad,random,2,25
sctbench.cs.origin.TokenRingBad,random,2,30
sctbench.cs.origin.TokenRingBad,random,0,22
sctbench.cs.origin.TokenRingBad,random,1,27
sctbench.cs.origin.TokenRingBad,random,0,23
sctbench.cs.origin.TokenRingBad,random,1,26
sctbench.cs.origin.TokenRingBad,random,1,24
sctbench.cs.origin.TokenRingBad,random,1,26
sctbench.cs.origin.TokenRingBad,random,1,23
sctbench.cs.origin.AccountBad,pct3,0,19
sctbench.cs.origin.AccountBad,pct3,1,20
sctbench.cs.origin.AccountBad,pct3,0,21
sctbench.cs.origin.AccountBad,pct3,1,20
sctbench.cs.origin.AccountBad,pct3,1,20
sctbench.cs.origin.AccountBad,pct3,1,23
sctbench.cs.origin.AccountBad,pct3,0,20
sctbench.cs.origin.AccountBad,pct3,1,22
sctbench.cs.origin.AccountBad,pct3,1,21
sctbench.cs.origin.AccountBad,pct3,0,19
sctbench.cs.origin.AccountBad,pct10,1,24
sctbench.cs.origin.AccountBad,pct10,0,20
sctbench.cs.origin.AccountBad,pct10,1,23
sctbench.cs.origin.AccountBad,pct10,1,21
sctbench.cs.origin.AccountBad,pct10,1,21
sctbench.cs.origin.AccountBad,pct10,1,21
sctbench.cs.origin.AccountBad,pct10,0,19
sctbench.cs.origin.AccountBad,pct10,0,21
sctbench.cs.origin.AccountBad,pct10,0,19
sctbench.cs.origin.AccountBad,pct10,0,19
sctbench.cs.origin.AccountBad,pct25,1,20
sctbench.cs.origin.AccountBad,pct25,0,21
sctbench.cs.origin.AccountBad,pct25,1,21
sctbench.cs.origin.AccountBad,pct25,0,20
sctbench.cs.origin.AccountBad,pct25,1,22
sctbench.cs.origin.AccountBad,pct25,1,21
sctbench.cs.origin.AccountBad,pct25,1,21
sctbench.cs.origin.AccountBad,pct25,1,20
sctbench.cs.origin.AccountBad,pct25,0,20
sctbench.cs.origin.AccountBad,pct25,1,22
sctbench.cs.origin.AccountBad,pos,1,22
sctbench.cs.origin.AccountBad,pos,1,22
sctbench.cs.origin.AccountBad,pos,1,22
sctbench.cs.origin.AccountBad,pos,1,21
sctbench.cs.origin.AccountBad,pos,1,24
sctbench.cs.origin.AccountBad,pos,1,22
sctbench.cs.origin.AccountBad,pos,0,21
sctbench.cs.origin.AccountBad,pos,1,22
sctbench.cs.origin.AccountBad,pos,1,21
sctbench.cs.origin.AccountBad,pos,1,22
sctbench.cs.origin.AccountBad,random,1,22
sctbench.cs.origin.AccountBad,random,1,21
sctbench.cs.origin.AccountBad,random,1,24
sctbench.cs.origin.AccountBad,random,1,21
sctbench.cs.origin.AccountBad,random,0,20
sctbench.cs.origin.AccountBad,random,0,20
sctbench.cs.origin.AccountBad,random,0,20
sctbench.cs.origin.AccountBad,random,1,20
sctbench.cs.origin.AccountBad,random,1,22
sctbench.cs.origin.AccountBad,random,1,23
sctbench.cs.origin.QueueBad,pct3,0,27
sctbench.cs.origin.QueueBad,pct3,0,26
sctbench.cs.origin.QueueBad,pct3,0,27
sctbench.cs.origin.QueueBad,pct3,0,27
sctbench.cs.origin.QueueBad,pct3,10,50
sctbench.cs.origin.QueueBad,pct3,0,25
sctbench.cs.origin.QueueBad,pct3,1,30
sctbench.cs.origin.QueueBad,pct3,0,29
sctbench.cs.origin.QueueBad,pct3,0,27
sctbench.cs.origin.QueueBad,pct3,31,79
sctbench.cs.origin.QueueBad,pct10,0,26
sctbench.cs.origin.QueueBad,pct10,1,32
sctbench.cs.origin.QueueBad,pct10,1,30
sctbench.cs.origin.QueueBad,pct10,0,28
sctbench.cs.origin.QueueBad,pct10,1,32
sctbench.cs.origin.QueueBad,pct10,0,28
sctbench.cs.origin.QueueBad,pct10,0,27
sctbench.cs.origin.QueueBad,pct10,0,29
sctbench.cs.origin.QueueBad,pct10,0,27
sctbench.cs.origin.QueueBad,pct10,0,26
sctbench.cs.origin.QueueBad,pct25,1,99
sctbench.cs.origin.QueueBad,pct25,1,29
sctbench.cs.origin.QueueBad,pct25,1,30
sctbench.cs.origin.QueueBad,pct25,0,25
sctbench.cs.origin.QueueBad,pct25,0,26
sctbench.cs.origin.QueueBad,pct25,1,30
sctbench.cs.origin.QueueBad,pct25,1,30
sctbench.cs.origin.QueueBad,pct25,1,28
sctbench.cs.origin.QueueBad,pct25,1,30
sctbench.cs.origin.QueueBad,pct25,1,29
sctbench.cs.origin.QueueBad,pos,0,93
sctbench.cs.origin.QueueBad,pos,0,96
sctbench.cs.origin.QueueBad,pos,0,93
sctbench.cs.origin.QueueBad,pos,0,27
sctbench.cs.origin.QueueBad,pos,0,26
sctbench.cs.origin.QueueBad,pos,0,27
sctbench.cs.origin.QueueBad,pos,0,89
sctbench.cs.origin.QueueBad,pos,0,29
sctbench.cs.origin.QueueBad,pos,0,92
sctbench.cs.origin.QueueBad,pos,0,93
sctbench.cs.origin.QueueBad,random,0,90
sctbench.cs.origin.QueueBad,random,0,26
sctbench.cs.origin.QueueBad,random,0,27
sctbench.cs.origin.QueueBad,random,0,90
sctbench.cs.origin.QueueBad,random,0,31
sctbench.cs.origin.QueueBad,random,0,29
sctbench.cs.origin.QueueBad,random,0,28
sctbench.cs.origin.QueueBad,random,0,27
sctbench.cs.origin.QueueBad,random,0,27
sctbench.cs.origin.QueueBad,random,0,92
sctbench.cs.origin.Reorder4Bad,pct3,104,158
sctbench.cs.origin.Reorder4Bad,pct3,21,69
sctbench.cs.origin.Reorder4Bad,pct3,74,129
sctbench.cs.origin.Reorder4Bad,pct3,41,90
sctbench.cs.origin.Reorder4Bad,pct3,18,64
sctbench.cs.origin.Reorder4Bad,pct3,64,117
sctbench.cs.origin.Reorder4Bad,pct3,34,81
sctbench.cs.origin.Reorder4Bad,pct3,120,179
sctbench.cs.origin.Reorder4Bad,pct3,75,130
sctbench.cs.origin.Reorder4Bad,pct3,37,84
sctbench.cs.origin.Reorder4Bad,pct10,6,42
sctbench.cs.origin.Reorder4Bad,pct10,4,37
sctbench.cs.origin.Reorder4Bad,pct10,8,44
sctbench.cs.origin.Reorder4Bad,pct10,1,29
sctbench.cs.origin.Reorder4Bad,pct10,34,88
sctbench.cs.origin.Reorder4Bad,pct10,25,76
sctbench.cs.origin.Reorder4Bad,pct10,62,125
sctbench.cs.origin.Reorder4Bad,pct10,19,65
sctbench.cs.origin.Reorder4Bad,pct10,26,76
sctbench.cs.origin.Reorder4Bad,pct10,4,37
sctbench.cs.origin.Reorder4Bad,pct25,1,31
sctbench.cs.origin.Reorder4Bad,pct25,34,89
sctbench.cs.origin.Reorder4Bad,pct25,29,87
sctbench.cs.origin.Reorder4Bad,pct25,44,101
sctbench.cs.origin.Reorder4Bad,pct25,21,71
sctbench.cs.origin.Reorder4Bad,pct25,43,102
sctbench.cs.origin.Reorder4Bad,pct25,4,38
sctbench.cs.origin.Reorder4Bad,pct25,104,171
sctbench.cs.origin.Reorder4Bad,pct25,1,31
sctbench.cs.origin.Reorder4Bad,pct25,13,62
sctbench.cs.origin.Reorder4Bad,pos,12,59
sctbench.cs.origin.Reorder4Bad,pos,14,63
sctbench.cs.origin.Reorder4Bad,pos,3,40
sctbench.cs.origin.Reorder4Bad,pos,9,52
sctbench.cs.origin.Reorder4Bad,pos,5,41
sctbench.cs.origin.Reorder4Bad,pos,26,83
sctbench.cs.origin.Reorder4Bad,pos,19,70
sctbench.cs.origin.Reorder4Bad,pos,6,45
sctbench.cs.origin.Reorder4Bad,pos,6,44
sctbench.cs.origin.Reorder4Bad,pos,3,36
sctbench.cs.origin.Reorder4Bad,random,17,64
sctbench.cs.origin.Reorder4Bad,random,11,56
sctbench.cs.origin.Reorder4Bad,random,6,41
sctbench.cs.origin.Reorder4Bad,random,32,84
sctbench.cs.origin.Reorder4Bad,random,10,51
sctbench.cs.origin.Reorder4Bad,random,23,75
sctbench.cs.origin.Reorder4Bad,random,27,77
sctbench.cs.origin.Reorder4Bad,random,32,87
sctbench.cs.origin.Reorder4Bad,random,10,51
sctbench.cs.origin.Reorder4Bad,random,44,100
sctbench.cs.origin.Carter01Bad,pct3,1,94
sctbench.cs.origin.Carter01Bad,pct3,12,123
sctbench.cs.origin.Carter01Bad,pct3,15,117
sctbench.cs.origin.Carter01Bad,pct3,2,95
sctbench.cs.origin.Carter01Bad,pct3,0,95
sctbench.cs.origin.Carter01Bad,pct3,0,96
sctbench.cs.origin.Carter01Bad,pct3,5,102
sctbench.cs.origin.Carter01Bad,pct3,7,111
sctbench.cs.origin.Carter01Bad,pct3,7,109
sctbench.cs.origin.Carter01Bad,pct3,12,116
sctbench.cs.origin.Carter01Bad,pct10,6,106
sctbench.cs.origin.Carter01Bad,pct10,0,96
sctbench.cs.origin.Carter01Bad,pct10,1,92
sctbench.cs.origin.Carter01Bad,pct10,6,100
sctbench.cs.origin.Carter01Bad,pct10,4,102
sctbench.cs.origin.Carter01Bad,pct10,3,102
sctbench.cs.origin.Carter01Bad,pct10,0,96
sctbench.cs.origin.Carter01Bad,pct10,2,100
sctbench.cs.origin.Carter01Bad,pct10,0,100
sctbench.cs.origin.Carter01Bad,pct10,0,103
sctbench.cs.origin.Carter01Bad,pct25,24,137
sctbench.cs.origin.Carter01Bad,pct25,7,111
sctbench.cs.origin.Carter01Bad,pct25,6,104
sctbench.cs.origin.Carter01Bad,pct25,12,112
sctbench.cs.origin.Carter01Bad,pct25,4,104
sctbench.cs.origin.Carter01Bad,pct25,5,105
sctbench.cs.origin.Carter01Bad,pct25,5,108
sctbench.cs.origin.Carter01Bad,pct25,5,109
sctbench.cs.origin.Carter01Bad,pct25,3,103
sctbench.cs.origin.Carter01Bad,pct25,0,96
sctbench.cs.origin.Carter01Bad,pos,0,95
sctbench.cs.origin.Carter01Bad,pos,0,93
sctbench.cs.origin.Carter01Bad,pos,0,92
sctbench.cs.origin.Carter01Bad,pos,0,95
sctbench.cs.origin.Carter01Bad,pos,2,100
sctbench.cs.origin.Carter01Bad,pos,0,93
sctbench.cs.origin.Carter01Bad,pos,2,94
sctbench.cs.origin.Carter01Bad,pos,1,92
sctbench.cs.origin.Carter01Bad,pos,1,93
sctbench.cs.origin.Carter01Bad,pos,0,91
sctbench.cs.origin.Carter01Bad,random,0,97
sctbench.cs.origin.Carter01Bad,random,0,91
sctbench.cs.origin.Carter01Bad,random,2,104
sctbench.cs.origin.Carter01Bad,random,1,94
sctbench.cs.origin.Carter01Bad,random,2,98
sctbench.cs.origin.Carter01Bad,random,1,100
sctbench.cs.origin.Carter01Bad,random,1,97
sctbench.cs.origin.Carter01Bad,random,0,100
sctbench.cs.origin.Carter01Bad,random,0,97
sctbench.cs.origin.Carter01Bad,random,5,98
sctbench.cs.origin.Phase01Bad,pct3,0,19
sctbench.cs.origin.Phase01Bad,pct3,0,20
sctbench.cs.origin.Phase01Bad,pct3,0,19
sctbench.cs.origin.Phase01Bad,pct3,0,90
sctbench.cs.origin.Phase01Bad,pct3,0,94
sctbench.cs.origin.Phase01Bad,pct3,0,20
sctbench.cs.origin.Phase01Bad,pct3,0,93
sctbench.cs.origin.Phase01Bad,pct3,0,96
sctbench.cs.origin.Phase01Bad,pct3,0,94
sctbench.cs.origin.Phase01Bad,pct3,0,20
sctbench.cs.origin.Phase01Bad,pct10,0,96
sctbench.cs.origin.Phase01Bad,pct10,0,94
sctbench.cs.origin.Phase01Bad,pct10,0,95
sctbench.cs.origin.Phase01Bad,pct10,0,21
sctbench.cs.origin.Phase01Bad,pct10,0,20
sctbench.cs.origin.Phase01Bad,pct10,0,90
sctbench.cs.origin.Phase01Bad,pct10,0,19
sctbench.cs.origin.Phase01Bad,pct10,0,20
sctbench.cs.origin.Phase01Bad,pct10,0,93
sctbench.cs.origin.Phase01Bad,pct10,0,94
sctbench.cs.origin.Phase01Bad,pct25,0,91
sctbench.cs.origin.Phase01Bad,pct25,0,19
sctbench.cs.origin.Phase01Bad,pct25,0,21
sctbench.cs.origin.Phase01Bad,pct25,0,19
sctbench.cs.origin.Phase01Bad,pct25,0,90
sctbench.cs.origin.Phase01Bad,pct25,0,89
sctbench.cs.origin.Phase01Bad,pct25,0,93
sctbench.cs.origin.Phase01Bad,pct25,0,91
sctbench.cs.origin.Phase01Bad,pct25,0,93
sctbench.cs.origin.Phase01Bad,pct25,0,20
sctbench.cs.origin.Phase01Bad,pos,0,93
sctbench.cs.origin.Phase01Bad,pos,0,21
sctbench.cs.origin.Phase01Bad,pos,0,87
sctbench.cs.origin.Phase01Bad,pos,0,87
sctbench.cs.origin.Phase01Bad,pos,0,88
sctbench.cs.origin.Phase01Bad,pos,0,90
sctbench.cs.origin.Phase01Bad,pos,0,22
sctbench.cs.origin.Phase01Bad,pos,0,88
sctbench.cs.origin.Phase01Bad,pos,0,88
sctbench.cs.origin.Phase01Bad,pos,0,19
sctbench.cs.origin.Phase01Bad,random,0,86
sctbench.cs.origin.Phase01Bad,random,0,88
sctbench.cs.origin.Phase01Bad,random,0,89
sctbench.cs.origin.Phase01Bad,random,0,94
sctbench.cs.origin.Phase01Bad,random,0,86
sctbench.cs.origin.Phase01Bad,random,0,89
sctbench.cs.origin.Phase01Bad,random,0,87
sctbench.cs.origin.Phase01Bad,random,0,20
sctbench.cs.origin.Phase01Bad,random,0,19
sctbench.cs.origin.Phase01Bad,random,0,91
sctbench.cs.origin.Sync02Bad,pct3,0,24
sctbench.cs.origin.Sync02Bad,pct3,0,128
sctbench.cs.origin.Sync02Bad,pct3,0,28
sctbench.cs.origin.Sync02Bad,pct3,0,129
sctbench.cs.origin.Sync02Bad,pct3,0,25
sctbench.cs.origin.Sync02Bad,pct3,0,129
sctbench.cs.origin.Sync02Bad,pct3,0,25
sctbench.cs.origin.Sync02Bad,pct3,0,134
sctbench.cs.origin.Sync02Bad,pct3,0,134
sctbench.cs.origin.Sync02Bad,pct3,0,24
sctbench.cs.origin.Sync02Bad,pct10,0,126
sctbench.cs.origin.Sync02Bad,pct10,0,126
sctbench.cs.origin.Sync02Bad,pct10,0,123
sctbench.cs.origin.Sync02Bad,pct10,0,132
sctbench.cs.origin.Sync02Bad,pct10,0,24
sctbench.cs.origin.Sync02Bad,pct10,0,25
sctbench.cs.origin.Sync02Bad,pct10,0,25
sctbench.cs.origin.Sync02Bad,pct10,0,26
sctbench.cs.origin.Sync02Bad,pct10,0,130
sctbench.cs.origin.Sync02Bad,pct10,0,126
sctbench.cs.origin.Sync02Bad,pct25,0,26
sctbench.cs.origin.Sync02Bad,pct25,0,25
sctbench.cs.origin.Sync02Bad,pct25,0,135
sctbench.cs.origin.Sync02Bad,pct25,0,129
sctbench.cs.origin.Sync02Bad,pct25,0,127
sctbench.cs.origin.Sync02Bad,pct25,0,26
sctbench.cs.origin.Sync02Bad,pct25,0,131
sctbench.cs.origin.Sync02Bad,pct25,0,28
sctbench.cs.origin.Sync02Bad,pct25,0,135
sctbench.cs.origin.Sync02Bad,pct25,0,24
sctbench.cs.origin.Sync02Bad,pos,0,28
sctbench.cs.origin.Sync02Bad,pos,0,129
sctbench.cs.origin.Sync02Bad,pos,0,132
sctbench.cs.origin.Sync02Bad,pos,0,26
sctbench.cs.origin.Sync02Bad,pos,0,26
sctbench.cs.origin.Sync02Bad,pos,0,22
sctbench.cs.origin.Sync02Bad,pos,0,119
sctbench.cs.origin.Sync02Bad,pos,0,127
sctbench.cs.origin.Sync02Bad,pos,0,132
sctbench.cs.origin.Sync02Bad,pos,0,119
sctbench.cs.origin.Sync02Bad,random,0,22
sctbench.cs.origin.Sync02Bad,random,0,23
sctbench.cs.origin.Sync02Bad,random,0,23
sctbench.cs.origin.Sync02Bad,random,0,21
sctbench.cs.origin.Sync02Bad,random,0,22
sctbench.cs.origin.Sync02Bad,random,0,22
sctbench.cs.origin.Sync02Bad,random,0,21
sctbench.cs.origin.Sync02Bad,random,0,24
sctbench.cs.origin.Sync02Bad,random,0,22
sctbench.cs.origin.Sync02Bad,random,0,21
sctbench.cs.origin.Reorder3Bad,pct3,96,134
sctbench.cs.origin.Reorder3Bad,pct3,144,165
sctbench.cs.origin.Reorder3Bad,pct3,71,106
sctbench.cs.origin.Reorder3Bad,pct3,28,67
sctbench.cs.origin.Reorder3Bad,pct3,74,112
sctbench.cs.origin.Reorder3Bad,pct3,50,89
sctbench.cs.origin.Reorder3Bad,pct3,29,68
sctbench.cs.origin.Reorder3Bad,pct3,21,59
sctbench.cs.origin.Reorder3Bad,pct3,192,203
sctbench.cs.origin.Reorder3Bad,pct3,74,110
sctbench.cs.origin.Reorder3Bad,pct10,3,32
sctbench.cs.origin.Reorder3Bad,pct10,35,77
sctbench.cs.origin.Reorder3Bad,pct10,3,32
sctbench.cs.origin.Reorder3Bad,pct10,23,66
sctbench.cs.origin.Reorder3Bad,pct10,18,60
sctbench.cs.origin.Reorder3Bad,pct10,10,47
sctbench.cs.origin.Reorder3Bad,pct10,9,43
sctbench.cs.origin.Reorder3Bad,pct10,18,61
sctbench.cs.origin.Reorder3Bad,pct10,6,39
sctbench.cs.origin.Reorder3Bad,pct10,43,86
sctbench.cs.origin.Reorder3Bad,pct25,45,84
sctbench.cs.origin.Reorder3Bad,pct25,29,72
sctbench.cs.origin.Reorder3Bad,pct25,45,91
sctbench.cs.origin.Reorder3Bad,pct25,54,89
sctbench.cs.origin.Reorder3Bad,pct25,27,69
sctbench.cs.origin.Reorder3Bad,pct25,15,55
sctbench.cs.origin.Reorder3Bad,pct25,102,136
sctbench.cs.origin.Reorder3Bad,pct25,72,107
sctbench.cs.origin.Reorder3Bad,pct25,40,82
sctbench.cs.origin.Reorder3Bad,pct25,23,64
sctbench.cs.origin.Reorder3Bad,pos,4,36
sctbench.cs.origin.Reorder3Bad,pos,3,34
sctbench.cs.origin.Reorder3Bad,pos,2,32
sctbench.cs.origin.Reorder3Bad,pos,1,31
sctbench.cs.origin.Reorder3Bad,pos,0,29
sctbench.cs.origin.Reorder3Bad,pos,8,42
sctbench.cs.origin.Reorder3Bad,pos,11,50
sctbench.cs.origin.Reorder3Bad,pos,2,32
sctbench.cs.origin.Reorder3Bad,pos,1,30
sctbench.cs.origin.Reorder3Bad,pos,3,37
sctbench.cs.origin.Reorder3Bad,random,1,29
sctbench.cs.origin.Reorder3Bad,random,6,38
sctbench.cs.origin.Reorder3Bad,random,12,50
sctbench.cs.origin.Reorder3Bad,random,3,33
sctbench.cs.origin.Reorder3Bad,random,20,61
sctbench.cs.origin.Reorder3Bad,random,46,92
sctbench.cs.origin.Reorder3Bad,random,7,39
sctbench.cs.origin.Reorder3Bad,random,82,126
sctbench.cs.origin.Reorder3Bad,random,15,52
sctbench.cs.origin.Reorder3Bad,random,13,49
sctbench.cs.origin.Reorder10Bad,pct3,1060,1727
sctbench.cs.origin.Reorder10Bad,pct3,775,1241
sctbench.cs.origin.Reorder10Bad,pct3,147,353
sctbench.cs.origin.Reorder10Bad,pct3,132,333
sctbench.cs.origin.Reorder10Bad,pct3,20,98
sctbench.cs.origin.Reorder10Bad,pct3,245,515
sctbench.cs.origin.Reorder10Bad,pct3,1577,2454
sctbench.cs.origin.Reorder10Bad,pct3,976,1505
sctbench.cs.origin.Reorder10Bad,pct3,204,435
sctbench.cs.origin.Reorder10Bad,pct3,75,219
sctbench.cs.origin.Reorder10Bad,pct10,52,177
sctbench.cs.origin.Reorder10Bad,pct10,4,49
sctbench.cs.origin.Reorder10Bad,pct10,67,215
sctbench.cs.origin.Reorder10Bad,pct10,88,256
sctbench.cs.origin.Reorder10Bad,pct10,26,118
sctbench.cs.origin.Reorder10Bad,pct10,34,138
sctbench.cs.origin.Reorder10Bad,pct10,29,128
sctbench.cs.origin.Reorder10Bad,pct10,21,102
sctbench.cs.origin.Reorder10Bad,pct10,259,558
sctbench.cs.origin.Reorder10Bad,pct10,139,352
sctbench.cs.origin.Reorder10Bad,pct25,18,97
sctbench.cs.origin.Reorder10Bad,pct25,9,69
sctbench.cs.origin.Reorder10Bad,pct25,110,310
sctbench.cs.origin.Reorder10Bad,pct25,44,163
sctbench.cs.origin.Reorder10Bad,pct25,79,253
sctbench.cs.origin.Reorder10Bad,pct25,34,140
sctbench.cs.origin.Reorder10Bad,pct25,11,76
sctbench.cs.origin.Reorder10Bad,pct25,5,54
sctbench.cs.origin.Reorder10Bad,pct25,12,81
sctbench.cs.origin.Reorder10Bad,pct25,20,102
sctbench.cs.origin.Reorder10Bad,pos,62,223
sctbench.cs.origin.Reorder10Bad,pos,25,124
sctbench.cs.origin.Reorder10Bad,pos,1,39
sctbench.cs.origin.Reorder10Bad,pos,23,118
sctbench.cs.origin.Reorder10Bad,pos,19,111
sctbench.cs.origin.Reorder10Bad,pos,53,199
sctbench.cs.origin.Reorder10Bad,pos,13,88
sctbench.cs.origin.Reorder10Bad,pos,41,172
sctbench.cs.origin.Reorder10Bad,pos,4,54
sctbench.cs.origin.Reorder10Bad,pos,18,103
sctbench.cs.origin.Reorder10Bad,random,75,232
sctbench.cs.origin.Reorder10Bad,random,181,430
sctbench.cs.origin.Reorder10Bad,random,310,646
sctbench.cs.origin.Reorder10Bad,random,166,395
sctbench.cs.origin.Reorder10Bad,random,75,227
sctbench.cs.origin.Reorder10Bad,random,36,146
sctbench.cs.origin.Reorder10Bad,random,66,217
sctbench.cs.origin.Reorder10Bad,random,14,87
sctbench.cs.origin.Reorder10Bad,random,6,63
sctbench.cs.origin.Reorder10Bad,random,120,325
sctbench.cs.origin.FsbenchBad,pct3,0,40
sctbench.cs.origin.FsbenchBad,pct3,0,41
sctbench.cs.origin.FsbenchBad,pct3,0,40
sctbench.cs.origin.FsbenchBad,pct3,0,42
sctbench.cs.origin.FsbenchBad,pct3,0,39
sctbench.cs.origin.FsbenchBad,pct3,0,40
sctbench.cs.origin.FsbenchBad,pct3,0,41
sctbench.cs.origin.FsbenchBad,pct3,0,39
sctbench.cs.origin.FsbenchBad,pct3,0,39
sctbench.cs.origin.FsbenchBad,pct3,0,39
sctbench.cs.origin.FsbenchBad,pct10,0,38
sctbench.cs.origin.FsbenchBad,pct10,0,39
sctbench.cs.origin.FsbenchBad,pct10,0,39
sctbench.cs.origin.FsbenchBad,pct10,0,39
sctbench.cs.origin.FsbenchBad,pct10,0,40
sctbench.cs.origin.FsbenchBad,pct10,0,46
sctbench.cs.origin.FsbenchBad,pct10,0,41
sctbench.cs.origin.FsbenchBad,pct10,0,42
sctbench.cs.origin.FsbenchBad,pct10,0,41
sctbench.cs.origin.FsbenchBad,pct10,0,38
sctbench.cs.origin.FsbenchBad,pct25,0,39
sctbench.cs.origin.FsbenchBad,pct25,0,39
sctbench.cs.origin.FsbenchBad,pct25,0,39
sctbench.cs.origin.FsbenchBad,pct25,0,41
sctbench.cs.origin.FsbenchBad,pct25,0,43
sctbench.cs.origin.FsbenchBad,pct25,0,39
sctbench.cs.origin.FsbenchBad,pct25,0,39
sctbench.cs.origin.FsbenchBad,pct25,0,40
sctbench.cs.origin.FsbenchBad,pct25,0,39
sctbench.cs.origin.FsbenchBad,pct25,0,41
sctbench.cs.origin.FsbenchBad,pos,0,42
sctbench.cs.origin.FsbenchBad,pos,0,42
sctbench.cs.origin.FsbenchBad,pos,0,46
sctbench.cs.origin.FsbenchBad,pos,0,42
sctbench.cs.origin.FsbenchBad,pos,0,44
sctbench.cs.origin.FsbenchBad,pos,0,44
sctbench.cs.origin.FsbenchBad,pos,0,41
sctbench.cs.origin.FsbenchBad,pos,0,43
sctbench.cs.origin.FsbenchBad,pos,0,45
sctbench.cs.origin.FsbenchBad,pos,0,41
sctbench.cs.origin.FsbenchBad,random,0,42
sctbench.cs.origin.FsbenchBad,random,0,42
sctbench.cs.origin.FsbenchBad,random,0,44
sctbench.cs.origin.FsbenchBad,random,0,39
sctbench.cs.origin.FsbenchBad,random,0,40
sctbench.cs.origin.FsbenchBad,random,0,41
sctbench.cs.origin.FsbenchBad,random,0,40
sctbench.cs.origin.FsbenchBad,random,0,42
sctbench.cs.origin.FsbenchBad,random,0,43
sctbench.cs.origin.FsbenchBad,random,0,40
sctbench.cs.origin.Lazy01Bad,pct3,1,24
sctbench.cs.origin.Lazy01Bad,pct3,1,25
sctbench.cs.origin.Lazy01Bad,pct3,0,19
sctbench.cs.origin.Lazy01Bad,pct3,1,27
sctbench.cs.origin.Lazy01Bad,pct3,1,26
sctbench.cs.origin.Lazy01Bad,pct3,1,27
sctbench.cs.origin.Lazy01Bad,pct3,1,25
sctbench.cs.origin.Lazy01Bad,pct3,1,28
sctbench.cs.origin.Lazy01Bad,pct3,1,26
sctbench.cs.origin.Lazy01Bad,pct3,1,26
sctbench.cs.origin.Lazy01Bad,pct10,0,25
sctbench.cs.origin.Lazy01Bad,pct10,1,28
sctbench.cs.origin.Lazy01Bad,pct10,1,27
sctbench.cs.origin.Lazy01Bad,pct10,1,27
sctbench.cs.origin.Lazy01Bad,pct10,1,28
sctbench.cs.origin.Lazy01Bad,pct10,0,19
sctbench.cs.origin.Lazy01Bad,pct10,0,19
sctbench.cs.origin.Lazy01Bad,pct10,1,28
sctbench.cs.origin.Lazy01Bad,pct10,0,26
sctbench.cs.origin.Lazy01Bad,pct10,1,26
sctbench.cs.origin.Lazy01Bad,pct25,1,27
sctbench.cs.origin.Lazy01Bad,pct25,1,22
sctbench.cs.origin.Lazy01Bad,pct25,1,29
sctbench.cs.origin.Lazy01Bad,pct25,0,24
sctbench.cs.origin.Lazy01Bad,pct25,0,25
sctbench.cs.origin.Lazy01Bad,pct25,0,26
sctbench.cs.origin.Lazy01Bad,pct25,0,19
sctbench.cs.origin.Lazy01Bad,pct25,1,26
sctbench.cs.origin.Lazy01Bad,pct25,0,20
sctbench.cs.origin.Lazy01Bad,pct25,1,27
sctbench.cs.origin.Lazy01Bad,pos,1,30
sctbench.cs.origin.Lazy01Bad,pos,1,28
sctbench.cs.origin.Lazy01Bad,pos,1,26
sctbench.cs.origin.Lazy01Bad,pos,0,25
sctbench.cs.origin.Lazy01Bad,pos,1,27
sctbench.cs.origin.Lazy01Bad,pos,1,29
sctbench.cs.origin.Lazy01Bad,pos,1,22
sctbench.cs.origin.Lazy01Bad,pos,1,27
sctbench.cs.origin.Lazy01Bad,pos,1,27
sctbench.cs.origin.Lazy01Bad,pos,0,28
sctbench.cs.origin.Lazy01Bad,random,1,24
sctbench.cs.origin.Lazy01Bad,random,1,25
sctbench.cs.origin.Lazy01Bad,random,0,25
sctbench.cs.origin.Lazy01Bad,random,1,22
sctbench.cs.origin.Lazy01Bad,random,1,28
sctbench.cs.origin.Lazy01Bad,random,0,21
sctbench.cs.origin.Lazy01Bad,random,1,28
sctbench.cs.origin.Lazy01Bad,random,1,23
sctbench.cs.origin.Lazy01Bad,random,1,25
sctbench.cs.origin.Lazy01Bad,random,1,26
sctbench.cs.origin.Reorder20Bad,pct3,58,307
sctbench.cs.origin.Reorder20Bad,pct3,57,302
sctbench.cs.origin.Reorder20Bad,pct3,86,388
sctbench.cs.origin.Reorder20Bad,pct3,15,122
sctbench.cs.origin.Reorder20Bad,pct3,180,689
sctbench.cs.origin.Reorder20Bad,pct3,237,836
sctbench.cs.origin.Reorder20Bad,pct3,387,1273
sctbench.cs.origin.Reorder20Bad,pct3,112,455
sctbench.cs.origin.Reorder20Bad,pct3,39,227
sctbench.cs.origin.Reorder20Bad,pct3,591,1840
sctbench.cs.origin.Reorder20Bad,pct10,45,248
sctbench.cs.origin.Reorder20Bad,pct10,32,203
sctbench.cs.origin.Reorder20Bad,pct10,10,104
sctbench.cs.origin.Reorder20Bad,pct10,10,97
sctbench.cs.origin.Reorder20Bad,pct10,41,243
sctbench.cs.origin.Reorder20Bad,pct10,54,290
sctbench.cs.origin.Reorder20Bad,pct10,8,87
sctbench.cs.origin.Reorder20Bad,pct10,2,52
sctbench.cs.origin.Reorder20Bad,pct10,1,45
sctbench.cs.origin.Reorder20Bad,pct10,61,310
sctbench.cs.origin.Reorder20Bad,pct25,23,166
sctbench.cs.origin.Reorder20Bad,pct25,10,103
sctbench.cs.origin.Reorder20Bad,pct25,14,129
sctbench.cs.origin.Reorder20Bad,pct25,0,39
sctbench.cs.origin.Reorder20Bad,pct25,4,68
sctbench.cs.origin.Reorder20Bad,pct25,13,121
sctbench.cs.origin.Reorder20Bad,pct25,42,246
sctbench.cs.origin.Reorder20Bad,pct25,34,215
sctbench.cs.origin.Reorder20Bad,pct25,8,91
sctbench.cs.origin.Reorder20Bad,pct25,1,45
sctbench.cs.origin.Reorder20Bad,pos,23,189
sctbench.cs.origin.Reorder20Bad,pos,0,38
sctbench.cs.origin.Reorder20Bad,pos,1,51
sctbench.cs.origin.Reorder20Bad,pos,11,125
sctbench.cs.origin.Reorder20Bad,pos,1,50
sctbench.cs.origin.Reorder20Bad,pos,1,52
sctbench.cs.origin.Reorder20Bad,pos,7,97
sctbench.cs.origin.Reorder20Bad,pos,0,39
sctbench.cs.origin.Reorder20Bad,pos,1,53
sctbench.cs.origin.Reorder20Bad,pos,15,153
sctbench.cs.origin.Reorder20Bad,random,3,68
sctbench.cs.origin.Reorder20Bad,random,4,72
sctbench.cs.origin.Reorder20Bad,random,6,87
sctbench.cs.origin.Reorder20Bad,random,18,149
sctbench.cs.origin.Reorder20Bad,random,5,79
sctbench.cs.origin.Reorder20Bad,random,8,96
sctbench.cs.origin.Reorder20Bad,random,7,91
sctbench.cs.origin.Reorder20Bad,random,4,72
sctbench.cs.origin.Reorder20Bad,random,7,91
sctbench.cs.origin.Reorder20Bad,random,0,37
sctbench.cs.origin.Twostage100Bad,pct3,5346,80091
sctbench.cs.origin.Twostage100Bad,pct3,1012,15096
sctbench.cs.origin.Twostage100Bad,pct3,570,8749
sctbench.cs.origin.Twostage100Bad,pct3,-1,148209
sctbench.cs.origin.Twostage100Bad,pct3,-1,148404
sctbench.cs.origin.Twostage100Bad,pct3,-1,147837
sctbench.cs.origin.Twostage100Bad,pct3,-1,148251
sctbench.cs.origin.Twostage100Bad,pct3,662,9864
sctbench.cs.origin.Twostage100Bad,pct3,5803,86507
sctbench.cs.origin.Twostage100Bad,pct3,-1,149292
sctbench.cs.origin.Twostage100Bad,pct10,4215,62376
sctbench.cs.origin.Twostage100Bad,pct10,1015,15243
sctbench.cs.origin.Twostage100Bad,pct10,2570,38963
sctbench.cs.origin.Twostage100Bad,pct10,2195,32846
sctbench.cs.origin.Twostage100Bad,pct10,1907,28467
sctbench.cs.origin.Twostage100Bad,pct10,5044,76460
sctbench.cs.origin.Twostage100Bad,pct10,711,10776
sctbench.cs.origin.Twostage100Bad,pct10,243,3948
sctbench.cs.origin.Twostage100Bad,pct10,8763,131620
sctbench.cs.origin.Twostage100Bad,pct10,689,10238
sctbench.cs.origin.Twostage100Bad,pct25,926,14114
sctbench.cs.origin.Twostage100Bad,pct25,4305,64531
sctbench.cs.origin.Twostage100Bad,pct25,162,2610
sctbench.cs.origin.Twostage100Bad,pct25,86,1564
sctbench.cs.origin.Twostage100Bad,pct25,1277,19375
sctbench.cs.origin.Twostage100Bad,pct25,176,2906
sctbench.cs.origin.Twostage100Bad,pct25,7200,107794
sctbench.cs.origin.Twostage100Bad,pct25,1976,29527
sctbench.cs.origin.Twostage100Bad,pct25,400,6319
sctbench.cs.origin.Twostage100Bad,pct25,2715,40924
sctbench.cs.origin.Twostage100Bad,pos,6,270
sctbench.cs.origin.Twostage100Bad,pos,215,4200
sctbench.cs.origin.Twostage100Bad,pos,159,3191
sctbench.cs.origin.Twostage100Bad,pos,408,7749
sctbench.cs.origin.Twostage100Bad,pos,74,1624
sctbench.cs.origin.Twostage100Bad,pos,24,651
sctbench.cs.origin.Twostage100Bad,pos,672,12513
sctbench.cs.origin.Twostage100Bad,pos,46,1034
sctbench.cs.origin.Twostage100Bad,pos,142,2878
sctbench.cs.origin.Twostage100Bad,pos,105,2201
sctbench.cs.origin.Twostage100Bad,random,46,914
sctbench.cs.origin.Twostage100Bad,random,65,1239
sctbench.cs.origin.Twostage100Bad,random,91,1957
sctbench.cs.origin.Twostage100Bad,random,1,106
sctbench.cs.origin.Twostage100Bad,random,19,474
sctbench.cs.origin.Twostage100Bad,random,0,87
sctbench.cs.origin.Twostage100Bad,random,36,755
sctbench.cs.origin.Twostage100Bad,random,117,2103
sctbench.cs.origin.Twostage100Bad,random,198,3336
sctbench.cs.origin.Twostage100Bad,random,44,879
sctbench.cs.origin.Deadlock01Bad,pct3,13,108
sctbench.cs.origin.Deadlock01Bad,pct3,9,110
sctbench.cs.origin.Deadlock01Bad,pct3,0,99
sctbench.cs.origin.Deadlock01Bad,pct3,0,99
sctbench.cs.origin.Deadlock01Bad,pct3,3,99
sctbench.cs.origin.Deadlock01Bad,pct3,10,108
sctbench.cs.origin.Deadlock01Bad,pct3,2,93
sctbench.cs.origin.Deadlock01Bad,pct3,10,104
sctbench.cs.origin.Deadlock01Bad,pct3,21,112
sctbench.cs.origin.Deadlock01Bad,pct3,0,96
sctbench.cs.origin.Deadlock01Bad,pct10,1,93
sctbench.cs.origin.Deadlock01Bad,pct10,7,100
sctbench.cs.origin.Deadlock01Bad,pct10,3,95
sctbench.cs.origin.Deadlock01Bad,pct10,2,96
sctbench.cs.origin.Deadlock01Bad,pct10,1,92
sctbench.cs.origin.Deadlock01Bad,pct10,4,100
sctbench.cs.origin.Deadlock01Bad,pct10,2,95
sctbench.cs.origin.Deadlock01Bad,pct10,6,101
sctbench.cs.origin.Deadlock01Bad,pct10,4,97
sctbench.cs.origin.Deadlock01Bad,pct10,2,97
sctbench.cs.origin.Deadlock01Bad,pct25,-1,3040
sctbench.cs.origin.Deadlock01Bad,pct25,-1,4178
sctbench.cs.origin.Deadlock01Bad,pct25,-1,3348
sctbench.cs.origin.Deadlock01Bad,pct25,-1,2992
sctbench.cs.origin.Deadlock01Bad,pct25,-1,3041
sctbench.cs.origin.Deadlock01Bad,pct25,-1,3020
sctbench.cs.origin.Deadlock01Bad,pct25,-1,2996
sctbench.cs.origin.Deadlock01Bad,pct25,-1,3021
sctbench.cs.origin.Deadlock01Bad,pct25,-1,2990
sctbench.cs.origin.Deadlock01Bad,pct25,-1,2991
sctbench.cs.origin.Deadlock01Bad,pos,3,94
sctbench.cs.origin.Deadlock01Bad,pos,0,88
sctbench.cs.origin.Deadlock01Bad,pos,2,95
sctbench.cs.origin.Deadlock01Bad,pos,0,90
sctbench.cs.origin.Deadlock01Bad,pos,1,95
sctbench.cs.origin.Deadlock01Bad,pos,4,94
sctbench.cs.origin.Deadlock01Bad,pos,3,100
sctbench.cs.origin.Deadlock01Bad,pos,5,94
sctbench.cs.origin.Deadlock01Bad,pos,1,93
sctbench.cs.origin.Deadlock01Bad,pos,2,90
sctbench.cs.origin.Deadlock01Bad,random,1,91
sctbench.cs.origin.Deadlock01Bad,random,0,93
sctbench.cs.origin.Deadlock01Bad,random,0,93
sctbench.cs.origin.Deadlock01Bad,random,5,120
sctbench.cs.origin.Deadlock01Bad,random,0,90
sctbench.cs.origin.Deadlock01Bad,random,1,95
sctbench.cs.origin.Deadlock01Bad,random,0,90
sctbench.cs.origin.Deadlock01Bad,random,0,89
sctbench.cs.origin.Deadlock01Bad,random,6,100
sctbench.cs.origin.Deadlock01Bad,random,1,97
sctbench.cs.origin.CircularBufferBad,pct3,7,38
sctbench.cs.origin.CircularBufferBad,pct3,3,30
sctbench.cs.origin.CircularBufferBad,pct3,0,25
sctbench.cs.origin.CircularBufferBad,pct3,6,38
sctbench.cs.origin.CircularBufferBad,pct3,1,26
sctbench.cs.origin.CircularBufferBad,pct3,2,29
sctbench.cs.origin.CircularBufferBad,pct3,0,26
sctbench.cs.origin.CircularBufferBad,pct3,1,27
sctbench.cs.origin.CircularBufferBad,pct3,9,38
sctbench.cs.origin.CircularBufferBad,pct3,3,30
sctbench.cs.origin.CircularBufferBad,pct10,3,31
sctbench.cs.origin.CircularBufferBad,pct10,1,26
sctbench.cs.origin.CircularBufferBad,pct10,1,28
sctbench.cs.origin.CircularBufferBad,pct10,1,28
sctbench.cs.origin.CircularBufferBad,pct10,1,29
sctbench.cs.origin.CircularBufferBad,pct10,1,27
sctbench.cs.origin.CircularBufferBad,pct10,1,29
sctbench.cs.origin.CircularBufferBad,pct10,1,29
sctbench.cs.origin.CircularBufferBad,pct10,3,31
sctbench.cs.origin.CircularBufferBad,pct10,1,27
sctbench.cs.origin.CircularBufferBad,pct25,1,28
sctbench.cs.origin.CircularBufferBad,pct25,4,33
sctbench.cs.origin.CircularBufferBad,pct25,0,25
sctbench.cs.origin.CircularBufferBad,pct25,12,43
sctbench.cs.origin.CircularBufferBad,pct25,2,30
sctbench.cs.origin.CircularBufferBad,pct25,15,47
sctbench.cs.origin.CircularBufferBad,pct25,0,27
sctbench.cs.origin.CircularBufferBad,pct25,0,26
sctbench.cs.origin.CircularBufferBad,pct25,2,30
sctbench.cs.origin.CircularBufferBad,pct25,16,49
sctbench.cs.origin.CircularBufferBad,pos,0,27
sctbench.cs.origin.CircularBufferBad,pos,1,27
sctbench.cs.origin.CircularBufferBad,pos,1,29
sctbench.cs.origin.CircularBufferBad,pos,0,26
sctbench.cs.origin.CircularBufferBad,pos,0,27
sctbench.cs.origin.CircularBufferBad,pos,0,26
sctbench.cs.origin.CircularBufferBad,pos,0,24
sctbench.cs.origin.CircularBufferBad,pos,0,27
sctbench.cs.origin.CircularBufferBad,pos,0,25
sctbench.cs.origin.CircularBufferBad,pos,0,27
sctbench.cs.origin.CircularBufferBad,random,0,22
sctbench.cs.origin.CircularBufferBad,random,0,21
sctbench.cs.origin.CircularBufferBad,random,0,25
sctbench.cs.origin.CircularBufferBad,random,0,27
sctbench.cs.origin.CircularBufferBad,random,0,27
sctbench.cs.origin.CircularBufferBad,random,0,24
sctbench.cs.origin.CircularBufferBad,random,0,20
sctbench.cs.origin.CircularBufferBad,random,0,24
sctbench.cs.origin.CircularBufferBad,random,0,21
sctbench.cs.origin.CircularBufferBad,random,0,23
sctbench.cs.origin.WronglockBad,pct3,0,30
sctbench.cs.origin.WronglockBad,pct3,8,63
sctbench.cs.origin.WronglockBad,pct3,0,30
sctbench.cs.origin.WronglockBad,pct3,2,39
sctbench.cs.origin.WronglockBad,pct3,12,78
sctbench.cs.origin.WronglockBad,pct3,0,31
sctbench.cs.origin.WronglockBad,pct3,17,87
sctbench.cs.origin.WronglockBad,pct3,2,40
sctbench.cs.origin.WronglockBad,pct3,67,200
sctbench.cs.origin.WronglockBad,pct3,37,133
sctbench.cs.origin.WronglockBad,pct10,1,39
sctbench.cs.origin.WronglockBad,pct10,2,40
sctbench.cs.origin.WronglockBad,pct10,11,73
sctbench.cs.origin.WronglockBad,pct10,4,49
sctbench.cs.origin.WronglockBad,pct10,9,68
sctbench.cs.origin.WronglockBad,pct10,1,34
sctbench.cs.origin.WronglockBad,pct10,3,48
sctbench.cs.origin.WronglockBad,pct10,1,35
sctbench.cs.origin.WronglockBad,pct10,2,44
sctbench.cs.origin.WronglockBad,pct10,7,61
sctbench.cs.origin.WronglockBad,pct25,2,41
sctbench.cs.origin.WronglockBad,pct25,0,29
sctbench.cs.origin.WronglockBad,pct25,4,50
sctbench.cs.origin.WronglockBad,pct25,3,46
sctbench.cs.origin.WronglockBad,pct25,3,46
sctbench.cs.origin.WronglockBad,pct25,1,36
sctbench.cs.origin.WronglockBad,pct25,1,37
sctbench.cs.origin.WronglockBad,pct25,9,70
sctbench.cs.origin.WronglockBad,pct25,3,48
sctbench.cs.origin.WronglockBad,pct25,2,42
sctbench.cs.origin.WronglockBad,pos,0,36
sctbench.cs.origin.WronglockBad,pos,0,36
sctbench.cs.origin.WronglockBad,pos,1,41
sctbench.cs.origin.WronglockBad,pos,0,34
sctbench.cs.origin.WronglockBad,pos,1,40
sctbench.cs.origin.WronglockBad,pos,1,40
sctbench.cs.origin.WronglockBad,pos,0,33
sctbench.cs.origin.WronglockBad,pos,0,33
sctbench.cs.origin.WronglockBad,pos,0,33
sctbench.cs.origin.WronglockBad,pos,2,45
sctbench.cs.origin.WronglockBad,random,0,34
sctbench.cs.origin.WronglockBad,random,3,48
sctbench.cs.origin.WronglockBad,random,0,31
sctbench.cs.origin.WronglockBad,random,1,40
sctbench.cs.origin.WronglockBad,random,0,33
sctbench.cs.origin.WronglockBad,random,0,31
sctbench.cs.origin.WronglockBad,random,0,34
sctbench.cs.origin.WronglockBad,random,1,38
sctbench.cs.origin.WronglockBad,random,1,39
sctbench.cs.origin.WronglockBad,random,1,37
sctbench.cs.origin.Sync01Bad,pct3,0,26
sctbench.cs.origin.Sync01Bad,pct3,0,129
sctbench.cs.origin.Sync01Bad,pct3,0,129
sctbench.cs.origin.Sync01Bad,pct3,0,24
sctbench.cs.origin.Sync01Bad,pct3,0,24
sctbench.cs.origin.Sync01Bad,pct3,0,24
sctbench.cs.origin.Sync01Bad,pct3,0,130
sctbench.cs.origin.Sync01Bad,pct3,0,24
sctbench.cs.origin.Sync01Bad,pct3,0,26
sctbench.cs.origin.Sync01Bad,pct3,0,26
sctbench.cs.origin.Sync01Bad,pct10,0,25
sctbench.cs.origin.Sync01Bad,pct10,0,130
sctbench.cs.origin.Sync01Bad,pct10,0,141
sctbench.cs.origin.Sync01Bad,pct10,0,27
sctbench.cs.origin.Sync01Bad,pct10,0,24
sctbench.cs.origin.Sync01Bad,pct10,0,135
sctbench.cs.origin.Sync01Bad,pct10,0,21
sctbench.cs.origin.Sync01Bad,pct10,0,125
sctbench.cs.origin.Sync01Bad,pct10,0,126
sctbench.cs.origin.Sync01Bad,pct10,0,125
sctbench.cs.origin.Sync01Bad,pct25,0,129
sctbench.cs.origin.Sync01Bad,pct25,0,130
sctbench.cs.origin.Sync01Bad,pct25,0,25
sctbench.cs.origin.Sync01Bad,pct25,0,24
sctbench.cs.origin.Sync01Bad,pct25,0,24
sctbench.cs.origin.Sync01Bad,pct25,0,130
sctbench.cs.origin.Sync01Bad,pct25,0,139
sctbench.cs.origin.Sync01Bad,pct25,0,24
sctbench.cs.origin.Sync01Bad,pct25,0,24
sctbench.cs.origin.Sync01Bad,pct25,0,135
sctbench.cs.origin.Sync01Bad,pos,0,127
sctbench.cs.origin.Sync01Bad,pos,0,127
sctbench.cs.origin.Sync01Bad,pos,0,131
sctbench.cs.origin.Sync01Bad,pos,0,25
sctbench.cs.origin.Sync01Bad,pos,0,127
sctbench.cs.origin.Sync01Bad,pos,0,25
sctbench.cs.origin.Sync01Bad,pos,0,133
sctbench.cs.origin.Sync01Bad,pos,0,127
sctbench.cs.origin.Sync01Bad,pos,0,134
sctbench.cs.origin.Sync01Bad,pos,0,26
sctbench.cs.origin.Sync01Bad,random,0,20
sctbench.cs.origin.Sync01Bad,random,0,20
sctbench.cs.origin.Sync01Bad,random,0,25
sctbench.cs.origin.Sync01Bad,random,0,26
sctbench.cs.origin.Sync01Bad,random,0,20
sctbench.cs.origin.Sync01Bad,random,0,24
sctbench.cs.origin.Sync01Bad,random,0,21
sctbench.cs.origin.Sync01Bad,random,0,20
sctbench.cs.origin.Sync01Bad,random,0,22
sctbench.cs.origin.Sync01Bad,random,0,130
sctbench.cs.origin.Wronglock3Bad,pct3,0,30
sctbench.cs.origin.Wronglock3Bad,pct3,0,29
sctbench.cs.origin.Wronglock3Bad,pct3,4,37
sctbench.cs.origin.Wronglock3Bad,pct3,5,40
sctbench.cs.origin.Wronglock3Bad,pct3,13,63
sctbench.cs.origin.Wronglock3Bad,pct3,101,171
sctbench.cs.origin.Wronglock3Bad,pct3,53,108
sctbench.cs.origin.Wronglock3Bad,pct3,1,31
sctbench.cs.origin.Wronglock3Bad,pct3,4,37
sctbench.cs.origin.Wronglock3Bad,pct3,1,33
sctbench.cs.origin.Wronglock3Bad,pct10,4,39
sctbench.cs.origin.Wronglock3Bad,pct10,2,33
sctbench.cs.origin.Wronglock3Bad,pct10,5,42
sctbench.cs.origin.Wronglock3Bad,pct10,2,35
sctbench.cs.origin.Wronglock3Bad,pct10,0,28
sctbench.cs.origin.Wronglock3Bad,pct10,1,32
sctbench.cs.origin.Wronglock3Bad,pct10,14,66
sctbench.cs.origin.Wronglock3Bad,pct10,6,44
sctbench.cs.origin.Wronglock3Bad,pct10,1,30
sctbench.cs.origin.Wronglock3Bad,pct10,2,34
sctbench.cs.origin.Wronglock3Bad,pct25,4,40
sctbench.cs.origin.Wronglock3Bad,pct25,5,42
sctbench.cs.origin.Wronglock3Bad,pct25,2,34
sctbench.cs.origin.Wronglock3Bad,pct25,2,34
sctbench.cs.origin.Wronglock3Bad,pct25,1,33
sctbench.cs.origin.Wronglock3Bad,pct25,1,32
sctbench.cs.origin.Wronglock3Bad,pct25,1,32
sctbench.cs.origin.Wronglock3Bad,pct25,0,29
sctbench.cs.origin.Wronglock3Bad,pct25,0,29
sctbench.cs.origin.Wronglock3Bad,pct25,1,39
sctbench.cs.origin.Wronglock3Bad,pos,6,52
sctbench.cs.origin.Wronglock3Bad,pos,2,36
sctbench.cs.origin.Wronglock3Bad,pos,1,32
sctbench.cs.origin.Wronglock3Bad,pos,2,35
sctbench.cs.origin.Wronglock3Bad,pos,1,33
sctbench.cs.origin.Wronglock3Bad,pos,2,35
sctbench.cs.origin.Wronglock3Bad,pos,0,32
sctbench.cs.origin.Wronglock3Bad,pos,0,29
sctbench.cs.origin.Wronglock3Bad,pos,0,31
sctbench.cs.origin.Wronglock3Bad,pos,0,29
sctbench.cs.origin.Wronglock3Bad,random,0,30
sctbench.cs.origin.Wronglock3Bad,random,9,53
sctbench.cs.origin.Wronglock3Bad,random,0,29
sctbench.cs.origin.Wronglock3Bad,random,1,31
sctbench.cs.origin.Wronglock3Bad,random,2,39
sctbench.cs.origin.Wronglock3Bad,random,0,32
sctbench.cs.origin.Wronglock3Bad,random,0,29
sctbench.cs.origin.Wronglock3Bad,random,0,30
sctbench.cs.origin.Wronglock3Bad,random,0,28
sctbench.cs.origin.Wronglock3Bad,random,6,44
sctbench.cs.origin.ArithmeticProgBad,pct3,0,30
sctbench.cs.origin.ArithmeticProgBad,pct3,0,28
sctbench.cs.origin.ArithmeticProgBad,pct3,0,30
sctbench.cs.origin.ArithmeticProgBad,pct3,0,28
sctbench.cs.origin.ArithmeticProgBad,pct3,0,29
sctbench.cs.origin.ArithmeticProgBad,pct3,0,29
sctbench.cs.origin.ArithmeticProgBad,pct3,0,31
sctbench.cs.origin.ArithmeticProgBad,pct3,0,29
sctbench.cs.origin.ArithmeticProgBad,pct3,0,32
sctbench.cs.origin.ArithmeticProgBad,pct3,0,28
sctbench.cs.origin.ArithmeticProgBad,pct10,0,28
sctbench.cs.origin.ArithmeticProgBad,pct10,0,30
sctbench.cs.origin.ArithmeticProgBad,pct10,0,29
sctbench.cs.origin.ArithmeticProgBad,pct10,0,29
sctbench.cs.origin.ArithmeticProgBad,pct10,0,32
sctbench.cs.origin.ArithmeticProgBad,pct10,0,32
sctbench.cs.origin.ArithmeticProgBad,pct10,0,28
sctbench.cs.origin.ArithmeticProgBad,pct10,0,33
sctbench.cs.origin.ArithmeticProgBad,pct10,0,30
sctbench.cs.origin.ArithmeticProgBad,pct10,0,30
sctbench.cs.origin.ArithmeticProgBad,pct25,0,31
sctbench.cs.origin.ArithmeticProgBad,pct25,0,29
sctbench.cs.origin.ArithmeticProgBad,pct25,0,29
sctbench.cs.origin.ArithmeticProgBad,pct25,0,31
sctbench.cs.origin.ArithmeticProgBad,pct25,0,29
sctbench.cs.origin.ArithmeticProgBad,pct25,0,29
sctbench.cs.origin.ArithmeticProgBad,pct25,0,31
sctbench.cs.origin.ArithmeticProgBad,pct25,0,29
sctbench.cs.origin.ArithmeticProgBad,pct25,0,29
sctbench.cs.origin.ArithmeticProgBad,pct25,0,31
sctbench.cs.origin.ArithmeticProgBad,pos,0,29
sctbench.cs.origin.ArithmeticProgBad,pos,0,29
sctbench.cs.origin.ArithmeticProgBad,pos,0,29
sctbench.cs.origin.ArithmeticProgBad,pos,0,30
sctbench.cs.origin.ArithmeticProgBad,pos,0,31
sctbench.cs.origin.ArithmeticProgBad,pos,0,31
sctbench.cs.origin.ArithmeticProgBad,pos,0,28
sctbench.cs.origin.ArithmeticProgBad,pos,0,32
sctbench.cs.origin.ArithmeticProgBad,pos,0,30
sctbench.cs.origin.ArithmeticProgBad,pos,0,29
sctbench.cs.origin.ArithmeticProgBad,random,0,29
sctbench.cs.origin.ArithmeticProgBad,random,0,29
sctbench.cs.origin.ArithmeticProgBad,random,0,31
sctbench.cs.origin.ArithmeticProgBad,random,0,29
sctbench.cs.origin.ArithmeticProgBad,random,0,29
sctbench.cs.origin.ArithmeticProgBad,random,0,33
sctbench.cs.origin.ArithmeticProgBad,random,0,31
sctbench.cs.origin.ArithmeticProgBad,random,0,30
sctbench.cs.origin.ArithmeticProgBad,random,0,29
sctbench.cs.origin.ArithmeticProgBad,random,0,29
sctbench.cs.origin.Reorder5Bad,pct3,124,208
sctbench.cs.origin.Reorder5Bad,pct3,46,108
sctbench.cs.origin.Reorder5Bad,pct3,39,102
sctbench.cs.origin.Reorder5Bad,pct3,63,137
sctbench.cs.origin.Reorder5Bad,pct3,373,433
sctbench.cs.origin.Reorder5Bad,pct3,257,335
sctbench.cs.origin.Reorder5Bad,pct3,346,427
sctbench.cs.origin.Reorder5Bad,pct3,7,46
sctbench.cs.origin.Reorder5Bad,pct3,24,76
sctbench.cs.origin.Reorder5Bad,pct3,205,303
sctbench.cs.origin.Reorder5Bad,pct10,27,84
sctbench.cs.origin.Reorder5Bad,pct10,1,32
sctbench.cs.origin.Reorder5Bad,pct10,88,172
sctbench.cs.origin.Reorder5Bad,pct10,14,62
sctbench.cs.origin.Reorder5Bad,pct10,4,39
sctbench.cs.origin.Reorder5Bad,pct10,39,104
sctbench.cs.origin.Reorder5Bad,pct10,25,81
sctbench.cs.origin.Reorder5Bad,pct10,22,77
sctbench.cs.origin.Reorder5Bad,pct10,35,97
sctbench.cs.origin.Reorder5Bad,pct10,2,36
sctbench.cs.origin.Reorder5Bad,pct25,28,90
sctbench.cs.origin.Reorder5Bad,pct25,69,157
sctbench.cs.origin.Reorder5Bad,pct25,1,31
sctbench.cs.origin.Reorder5Bad,pct25,7,48
sctbench.cs.origin.Reorder5Bad,pct25,20,75
sctbench.cs.origin.Reorder5Bad,pct25,10,54
sctbench.cs.origin.Reorder5Bad,pct25,1,32
sctbench.cs.origin.Reorder5Bad,pct25,14,64
sctbench.cs.origin.Reorder5Bad,pct25,20,79
sctbench.cs.origin.Reorder5Bad,pct25,14,68
sctbench.cs.origin.Reorder5Bad,pos,10,61
sctbench.cs.origin.Reorder5Bad,pos,5,45
sctbench.cs.origin.Reorder5Bad,pos,41,114
sctbench.cs.origin.Reorder5Bad,pos,15,71
sctbench.cs.origin.Reorder5Bad,pos,0,29
sctbench.cs.origin.Reorder5Bad,pos,11,61
sctbench.cs.origin.Reorder5Bad,pos,4,41
sctbench.cs.origin.Reorder5Bad,pos,52,131
sctbench.cs.origin.Reorder5Bad,pos,21,81
sctbench.cs.origin.Reorder5Bad,pos,2,39
sctbench.cs.origin.Reorder5Bad,random,45,115
sctbench.cs.origin.Reorder5Bad,random,61,135
sctbench.cs.origin.Reorder5Bad,random,80,163
sctbench.cs.origin.Reorder5Bad,random,3,36
sctbench.cs.origin.Reorder5Bad,random,51,124
sctbench.cs.origin.Reorder5Bad,random,12,63
sctbench.cs.origin.Reorder5Bad,random,9,50
sctbench.cs.origin.Reorder5Bad,random,12,60
sctbench.cs.origin.Reorder5Bad,random,75,156
sctbench.cs.origin.Reorder5Bad,random,130,227
sctbench.cs.origin.TwostageBad,pct3,5,35
sctbench.cs.origin.TwostageBad,pct3,27,61
sctbench.cs.origin.TwostageBad,pct3,4,31
sctbench.cs.origin.TwostageBad,pct3,82,95
sctbench.cs.origin.TwostageBad,pct3,1,31
sctbench.cs.origin.TwostageBad,pct3,13,41
sctbench.cs.origin.TwostageBad,pct3,81,96
sctbench.cs.origin.TwostageBad,pct3,23,52
sctbench.cs.origin.TwostageBad,pct3,2,30
sctbench.cs.origin.TwostageBad,pct3,36,67
sctbench.cs.origin.TwostageBad,pct10,17,48
sctbench.cs.origin.TwostageBad,pct10,2,30
sctbench.cs.origin.TwostageBad,pct10,9,38
sctbench.cs.origin.TwostageBad,pct10,7,37
sctbench.cs.origin.TwostageBad,pct10,2,30
sctbench.cs.origin.TwostageBad,pct10,10,39
sctbench.cs.origin.TwostageBad,pct10,3,34
sctbench.cs.origin.TwostageBad,pct10,4,34
sctbench.cs.origin.TwostageBad,pct10,10,40
sctbench.cs.origin.TwostageBad,pct10,9,39
sctbench.cs.origin.TwostageBad,pct25,-1,3047
sctbench.cs.origin.TwostageBad,pct25,-1,2922
sctbench.cs.origin.TwostageBad,pct25,-1,2895
sctbench.cs.origin.TwostageBad,pct25,-1,4015
sctbench.cs.origin.TwostageBad,pct25,-1,3304
sctbench.cs.origin.TwostageBad,pct25,-1,3315
sctbench.cs.origin.TwostageBad,pct25,-1,3009
sctbench.cs.origin.TwostageBad,pct25,-1,3082
sctbench.cs.origin.TwostageBad,pct25,-1,3027
sctbench.cs.origin.TwostageBad,pct25,-1,2967
sctbench.cs.origin.TwostageBad,pos,13,45
sctbench.cs.origin.TwostageBad,pos,11,45
sctbench.cs.origin.TwostageBad,pos,3,32
sctbench.cs.origin.TwostageBad,pos,2,30
sctbench.cs.origin.TwostageBad,pos,8,38
sctbench.cs.origin.TwostageBad,pos,5,35
sctbench.cs.origin.TwostageBad,pos,1,30
sctbench.cs.origin.TwostageBad,pos,9,41
sctbench.cs.origin.TwostageBad,pos,0,27
sctbench.cs.origin.TwostageBad,pos,53,82
sctbench.cs.origin.TwostageBad,random,11,42
sctbench.cs.origin.TwostageBad,random,9,38
sctbench.cs.origin.TwostageBad,random,0,29
sctbench.cs.origin.TwostageBad,random,4,32
sctbench.cs.origin.TwostageBad,random,0,27
sctbench.cs.origin.TwostageBad,random,1,30
sctbench.cs.origin.TwostageBad,random,4,35
sctbench.cs.origin.TwostageBad,random,12,45
sctbench.cs.origin.TwostageBad,random,25,58
sctbench.cs.origin.TwostageBad,random,6,34
sctbench.cs.hard.Reorder100Bad,pct3,6583,96056
sctbench.cs.hard.Reorder100Bad,pct3,-1,144918
sctbench.cs.hard.Reorder100Bad,pct3,2402,34674
sctbench.cs.hard.Reorder100Bad,pct3,2088,30634
sctbench.cs.hard.Reorder100Bad,pct3,-1,145636
sctbench.cs.hard.Reorder100Bad,pct3,145,2309
sctbench.cs.hard.Reorder100Bad,pct3,-1,145865
sctbench.cs.hard.Reorder100Bad,pct3,6830,99600
sctbench.cs.hard.Reorder100Bad,pct3,9539,138718
sctbench.cs.hard.Reorder100Bad,pct3,-1,146309
sctbench.cs.hard.Reorder100Bad,pct10,5376,78132
sctbench.cs.hard.Reorder100Bad,pct10,7641,111794
sctbench.cs.hard.Reorder100Bad,pct10,3008,43938
sctbench.cs.hard.Reorder100Bad,pct10,7878,115440
sctbench.cs.hard.Reorder100Bad,pct10,6024,88384
sctbench.cs.hard.Reorder100Bad,pct10,3325,48753
sctbench.cs.hard.Reorder100Bad,pct10,70,1199
sctbench.cs.hard.Reorder100Bad,pct10,7141,104971
sctbench.cs.hard.Reorder100Bad,pct10,5879,86259
sctbench.cs.hard.Reorder100Bad,pct10,3253,47823
sctbench.cs.hard.Reorder100Bad,pct25,7026,103614
sctbench.cs.hard.Reorder100Bad,pct25,756,11096
sctbench.cs.hard.Reorder100Bad,pct25,1628,24381
sctbench.cs.hard.Reorder100Bad,pct25,1284,19088
sctbench.cs.hard.Reorder100Bad,pct25,83,1561
sctbench.cs.hard.Reorder100Bad,pct25,2482,36707
sctbench.cs.hard.Reorder100Bad,pct25,184,2898
sctbench.cs.hard.Reorder100Bad,pct25,1976,29103
sctbench.cs.hard.Reorder100Bad,pct25,1040,15501
sctbench.cs.hard.Reorder100Bad,pct25,3696,54547
sctbench.cs.hard.Reorder100Bad,pos,391,7258
sctbench.cs.hard.Reorder100Bad,pos,154,3145
sctbench.cs.hard.Reorder100Bad,pos,383,7290
sctbench.cs.hard.Reorder100Bad,pos,1077,20000
sctbench.cs.hard.Reorder100Bad,pos,892,16780
sctbench.cs.hard.Reorder100Bad,pos,107,2146
sctbench.cs.hard.Reorder100Bad,pos,243,4681
sctbench.cs.hard.Reorder100Bad,pos,436,8473
sctbench.cs.hard.Reorder100Bad,pos,191,4001
sctbench.cs.hard.Reorder100Bad,pos,143,2875
sctbench.cs.hard.Reorder100Bad,random,3638,55968
sctbench.cs.hard.Reorder100Bad,random,464,7276
sctbench.cs.hard.Reorder100Bad,random,2431,37628
sctbench.cs.hard.Reorder100Bad,random,958,14858
sctbench.cs.hard.Reorder100Bad,random,776,12165
sctbench.cs.hard.Reorder100Bad,random,1793,27959
sctbench.cs.hard.Reorder100Bad,random,2756,42736
sctbench.cs.hard.Reorder100Bad,random,1335,20611
sctbench.cs.hard.Reorder100Bad,random,1089,17059
sctbench.cs.hard.Reorder100Bad,random,548,8818
sctbench.cs.hard.Reorder50Bad,pct3,1531,10745
sctbench.cs.hard.Reorder50Bad,pct3,-1,69463
sctbench.cs.hard.Reorder50Bad,pct3,7092,48950
sctbench.cs.hard.Reorder50Bad,pct3,6005,41659
sctbench.cs.hard.Reorder50Bad,pct3,4476,31415
sctbench.cs.hard.Reorder50Bad,pct3,4585,32343
sctbench.cs.hard.Reorder50Bad,pct3,427,3026
sctbench.cs.hard.Reorder50Bad,pct3,9609,66426
sctbench.cs.hard.Reorder50Bad,pct3,-1,68467
sctbench.cs.hard.Reorder50Bad,pct3,-1,68825
sctbench.cs.hard.Reorder50Bad,pct10,594,4158
sctbench.cs.hard.Reorder50Bad,pct10,4630,32679
sctbench.cs.hard.Reorder50Bad,pct10,1721,11876
sctbench.cs.hard.Reorder50Bad,pct10,1977,13917
sctbench.cs.hard.Reorder50Bad,pct10,593,4254
sctbench.cs.hard.Reorder50Bad,pct10,1567,11355
sctbench.cs.hard.Reorder50Bad,pct10,678,4892
sctbench.cs.hard.Reorder50Bad,pct10,1272,9034
sctbench.cs.hard.Reorder50Bad,pct10,3515,24854
sctbench.cs.hard.Reorder50Bad,pct10,346,2488
sctbench.cs.hard.Reorder50Bad,pct25,3405,24112
sctbench.cs.hard.Reorder50Bad,pct25,335,2445
sctbench.cs.hard.Reorder50Bad,pct25,172,1423
sctbench.cs.hard.Reorder50Bad,pct25,339,2598
sctbench.cs.hard.Reorder50Bad,pct25,617,4592
sctbench.cs.hard.Reorder50Bad,pct25,387,2900
sctbench.cs.hard.Reorder50Bad,pct25,716,5243
sctbench.cs.hard.Reorder50Bad,pct25,311,2411
sctbench.cs.hard.Reorder50Bad,pct25,463,3477
sctbench.cs.hard.Reorder50Bad,pct25,405,3081
sctbench.cs.hard.Reorder50Bad,pos,288,2639
sctbench.cs.hard.Reorder50Bad,pos,174,1703
sctbench.cs.hard.Reorder50Bad,pos,825,7472
sctbench.cs.hard.Reorder50Bad,pos,363,3261
sctbench.cs.hard.Reorder50Bad,pos,60,696
sctbench.cs.hard.Reorder50Bad,pos,214,2182
sctbench.cs.hard.Reorder50Bad,pos,72,796
sctbench.cs.hard.Reorder50Bad,pos,66,773
sctbench.cs.hard.Reorder50Bad,pos,175,1738
sctbench.cs.hard.Reorder50Bad,pos,307,2809
sctbench.cs.hard.Reorder50Bad,random,785,6151
sctbench.cs.hard.Reorder50Bad,random,173,1505
sctbench.cs.hard.Reorder50Bad,random,118,1120
sctbench.cs.hard.Reorder50Bad,random,1,66
sctbench.cs.hard.Reorder50Bad,random,843,6872
sctbench.cs.hard.Reorder50Bad,random,1096,8476
sctbench.cs.hard.Reorder50Bad,random,755,6184
sctbench.cs.hard.Reorder50Bad,random,65,648
sctbench.cs.hard.Reorder50Bad,random,218,1884
sctbench.cs.hard.Reorder50Bad,random,2061,15942
