sctbench.cs.origin.BluetoothDriverBad,pct3,80,78
sctbench.cs.origin.BluetoothDriverBad,pct3,22,46
sctbench.cs.origin.BluetoothDriverBad,pct3,34,51
sctbench.cs.origin.BluetoothDriverBad,pct3,44,59
sctbench.cs.origin.BluetoothDriverBad,pct3,26,50
sctbench.cs.origin.BluetoothDriverBad,pct3,12,37
sctbench.cs.origin.BluetoothDriverBad,pct3,6,31
sctbench.cs.origin.BluetoothDriverBad,pct3,43,57
sctbench.cs.origin.BluetoothDriverBad,pct3,22,45
sctbench.cs.origin.BluetoothDriverBad,pct3,43,60
sctbench.cs.origin.BluetoothDriverBad,pct10,45,64
sctbench.cs.origin.BluetoothDriverBad,pct10,27,49
sctbench.cs.origin.BluetoothDriverBad,pct10,18,46
sctbench.cs.origin.BluetoothDriverBad,pct10,22,47
sctbench.cs.origin.BluetoothDriverBad,pct10,41,62
sctbench.cs.origin.BluetoothDriverBad,pct10,7,34
sctbench.cs.origin.BluetoothDriverBad,pct10,12,37
sctbench.cs.origin.BluetoothDriverBad,pct10,38,58
sctbench.cs.origin.BluetoothDriverBad,pct10,4,29
sctbench.cs.origin.BluetoothDriverBad,pct10,30,54
sctbench.cs.origin.BluetoothDriverBad,pct25,7,36
sctbench.cs.origin.BluetoothDriverBad,pct25,26,50
sctbench.cs.origin.BluetoothDriverBad,pct25,9,36
sctbench.cs.origin.BluetoothDriverBad,pct25,20,45
sctbench.cs.origin.BluetoothDriverBad,pct25,36,58
sctbench.cs.origin.BluetoothDriverBad,pct25,15,40
sctbench.cs.origin.BluetoothDriverBad,pct25,3,32
sctbench.cs.origin.BluetoothDriverBad,pct25,15,41
sctbench.cs.origin.BluetoothDriverBad,pct25,8,35
sctbench.cs.origin.BluetoothDriverBad,pct25,8,34
sctbench.cs.origin.BluetoothDriverBad,pos,3,30
sctbench.cs.origin.BluetoothDriverBad,pos,14,42
sctbench.cs.origin.BluetoothDriverBad,pos,38,63
sctbench.cs.origin.BluetoothDriverBad,pos,1,29
sctbench.cs.origin.BluetoothDriverBad,pos,0,26
sctbench.cs.origin.BluetoothDriverBad,pos,45,67
sctbench.cs.origin.BluetoothDriverBad,pos,2,29
sctbench.cs.origin.BluetoothDriverBad,pos,3,30
sctbench.cs.origin.BluetoothDriverBad,pos,17,46
sctbench.cs.origin.BluetoothDriverBad,pos,19,48
sctbench.cs.origin.BluetoothDriverBad,random,0,20
sctbench.cs.origin.BluetoothDriverBad,random,11,39
sctbench.cs.origin.BluetoothDriverBad,random,15,44
sctbench.cs.origin.BluetoothDriverBad,random,6,35
sctbench.cs.origin.BluetoothDriverBad,random,5,32
sctbench.cs.origin.BluetoothDriverBad,random,5,33
sctbench.cs.origin.BluetoothDriverBad,random,6,32
sctbench.cs.origin.BluetoothDriverBad,random,6,31
sctbench.cs.origin.BluetoothDriverBad,random,11,40
sctbench.cs.origin.BluetoothDriverBad,random,0,20
sctbench.cs.origin.Wronglock1Bad,pct3,17,50
sctbench.cs.origin.Wronglock1Bad,pct3,11,44
sctbench.cs.origin.Wronglock1Bad,pct3,151,150
sctbench.cs.origin.Wronglock1Bad,pct3,40,74
sctbench.cs.origin.Wronglock1Bad,pct3,4,35
sctbench.cs.origin.Wronglock1Bad,pct3,123,134
sctbench.cs.origin.Wronglock1Bad,pct3,65,89
sctbench.cs.origin.Wronglock1Bad,pct3,18,50
sctbench.cs.origin.Wronglock1Bad,pct3,17,49
sctbench.cs.origin.Wronglock1Bad,pct3,116,131
sctbench.cs.origin.Wronglock1Bad,pct10,6,36
sctbench.cs.origin.Wronglock1Bad,pct10,66,100
sctbench.cs.origin.Wronglock1Bad,pct10,14,48
sctbench.cs.origin.Wronglock1Bad,pct10,3,32
sctbench.cs.origin.Wronglock1Bad,pct10,3,32
sctbench.cs.origin.Wronglock1Bad,pct10,5,35
sctbench.cs.origin.Wronglock1Bad,pct10,7,41
sctbench.cs.origin.Wronglock1Bad,pct10,11,44
sctbench.cs.origin.Wronglock1Bad,pct10,19,54
sctbench.cs.origin.Wronglock1Bad,pct10,2,31
sctbench.cs.origin.Wronglock1Bad,pct25,2,34
sctbench.cs.origin.Wronglock1Bad,pct25,3,35
sctbench.cs.origin.Wronglock1Bad,pct25,3,33
sctbench.cs.origin.Wronglock1Bad,pct25,2,33
sctbench.cs.origin.Wronglock1Bad,pct25,4,34
sctbench.cs.origin.Wronglock1Bad,pct25,5,36
sctbench.cs.origin.Wronglock1Bad,pct25,3,33
sctbench.cs.origin.Wronglock1Bad,pct25,2,31
sctbench.cs.origin.Wronglock1Bad,pct25,4,37
sctbench.cs.origin.Wronglock1Bad,pct25,1,29
sctbench.cs.origin.Wronglock1Bad,pos,1,30
sctbench.cs.origin.Wronglock1Bad,pos,4,38
sctbench.cs.origin.Wronglock1Bad,pos,2,32
sctbench.cs.origin.Wronglock1Bad,pos,20,59
sctbench.cs.origin.Wronglock1Bad,pos,0,29
sctbench.cs.origin.Wronglock1Bad,pos,0,29
sctbench.cs.origin.Wronglock1Bad,pos,4,37
sctbench.cs.origin.Wronglock1Bad,pos,35,74
sctbench.cs.origin.Wronglock1Bad,pos,10,48
sctbench.cs.origin.Wronglock1Bad,pos,7,41
sctbench.cs.origin.Wronglock1Bad,random,13,49
sctbench.cs.origin.Wronglock1Bad,random,0,29
sctbench.cs.origin.Wronglock1Bad,random,0,28
sctbench.cs.origin.Wronglock1Bad,random,7,40
sctbench.cs.origin.Wronglock1Bad,random,2,32
sctbench.cs.origin.Wronglock1Bad,random,10,49
sctbench.cs.origin.Wronglock1Bad,random,9,43
sctbench.cs.origin.Wronglock1Bad,random,6,40
sctbench.cs.origin.Wronglock1Bad,random,15,57
sctbench.cs.origin.Wronglock1Bad,random,10,45
sctbench.cs.origin.StackBad,pct3,0,37
sctbench.cs.origin.StackBad,pct3,0,27
sctbench.cs.origin.StackBad,pct3,0,28
sctbench.cs.origin.StackBad,pct3,2,37
sctbench.cs.origin.StackBad,pct3,0,26
sctbench.cs.origin.StackBad,pct3,1,35
sctbench.cs.origin.StackBad,pct3,1,34
sctbench.cs.origin.StackBad,pct3,0,27
sctbench.cs.origin.StackBad,pct3,0,30
sctbench.cs.origin.StackBad,pct3,0,26
sctbench.cs.origin.StackBad,pct10,0,26
sctbench.cs.origin.StackBad,pct10,0,27
sctbench.cs.origin.StackBad,pct10,1,33
sctbench.cs.origin.StackBad,pct10,0,33
sctbench.cs.origin.StackBad,pct10,0,28
sctbench.cs.origin.StackBad,pct10,0,28
sctbench.cs.origin.StackBad,pct10,0,30
sctbench.cs.origin.StackBad,pct10,2,37
sctbench.cs.origin.StackBad,pct10,1,33
sctbench.cs.origin.StackBad,pct10,2,38
sctbench.cs.origin.StackBad,pct25,1,33
sctbench.cs.origin.StackBad,pct25,0,27
sctbench.cs.origin.StackBad,pct25,2,39
sctbench.cs.origin.StackBad,pct25,0,28
sctbench.cs.origin.StackBad,pct25,1,38
sctbench.cs.origin.StackBad,pct25,1,35
sctbench.cs.origin.StackBad,pct25,0,29
sctbench.cs.origin.StackBad,pct25,0,29
sctbench.cs.origin.StackBad,pct25,2,37
sctbench.cs.origin.StackBad,pct25,3,46
sctbench.cs.origin.StackBad,pos,0,31
sctbench.cs.origin.StackBad,pos,0,27
sctbench.cs.origin.StackBad,pos,0,31
sctbench.cs.origin.StackBad,pos,0,28
sctbench.cs.origin.StackBad,pos,1,38
sctbench.cs.origin.StackBad,pos,0,29
sctbench.cs.origin.StackBad,pos,0,29
sctbench.cs.origin.StackBad,pos,0,29
sctbench.cs.origin.StackBad,pos,0,29
sctbench.cs.origin.StackBad,pos,0,29
sctbench.cs.origin.StackBad,random,0,29
sctbench.cs.origin.StackBad,random,2,36
sctbench.cs.origin.StackBad,random,0,29
sctbench.cs.origin.StackBad,random,0,27
sctbench.cs.origin.StackBad,random,1,31
sctbench.cs.origin.StackBad,random,0,29
sctbench.cs.origin.StackBad,random,0,27
sctbench.cs.origin.StackBad,random,0,26
sctbench.cs.origin.StackBad,random,0,28
sctbench.cs.origin.StackBad,random,0,30
sctbench.cs.origin.TokenRingBad,pct3,3,34
sctbench.cs.origin.TokenRingBad,pct3,1,28
sctbench.cs.origin.TokenRingBad,pct3,1,28
sctbench.cs.origin.TokenRingBad,pct3,0,23
sctbench.cs.origin.TokenRingBad,pct3,0,24
sctbench.cs.origin.TokenRingBad,pct3,1,27
sctbench.cs.origin.TokenRingBad,pct3,1,25
sctbench.cs.origin.TokenRingBad,pct3,1,26
sctbench.cs.origin.TokenRingBad,pct3,1,28
sctbench.cs.origin.TokenRingBad,pct3,1,23
sctbench.cs.origin.TokenRingBad,pct10,1,30
sctbench.cs.origin.TokenRingBad,pct10,1,24
sctbench.cs.origin.TokenRingBad,pct10,1,26
sctbench.cs.origin.TokenRingBad,pct10,1,24
sctbench.cs.origin.TokenRingBad,pct10,1,30
sctbench.cs.origin.TokenRingBad,pct10,1,24
sctbench.cs.origin.TokenRingBad,pct10,1,27
sctbench.cs.origin.TokenRingBad,pct10,1,29
sctbench.cs.origin.TokenRingBad,pct10,3,33
sctbench.cs.origin.TokenRingBad,pct10,0,26
sctbench.cs.origin.TokenRingBad,pct25,1,27
sctbench.cs.origin.TokenRingBad,pct25,0,21
sctbench.cs.origin.TokenRingBad,pct25,4,35
sctbench.cs.origin.TokenRingBad,pct25,1,28
sctbench.cs.origin.TokenRingBad,pct25,2,27
sctbench.cs.origin.TokenRingBad,pct25,0,22
sctbench.cs.origin.TokenRingBad,pct25,2,30
sctbench.cs.origin.TokenRingBad,pct25,2,31
sctbench.cs.origin.TokenRingBad,pct25,0,21
sctbench.cs.origin.TokenRingBad,pct25,2,30
sctbench.cs.origin.TokenRingBad,pos,3,37
sctbench.cs.origin.TokenRingBad,pos,1,27
sctbench.cs.origin.TokenRingBad,pos,0,25
sctbench.cs.origin.TokenRingBad,pos,1,32
sctbench.cs.origin.TokenRingBad,pos,1,28
sctbench.cs.origin.TokenRingBad,pos,1,28
sctbench.cs.origin.TokenRingBad,pos,1,26
sctbench.cs.origin.TokenRingBad,pos,1,26
sctbench.cs.origin.TokenRingBad,pos,2,32
sctbench.cs.origin.TokenRingBad,pos,1,25
sctbench.cs.origin.TokenRingBad,random,1,24
sctbench.cs.origin.TokenRingBad,random,1,26
sctbench.cs.origin.TokenRingBad,random,1,31
sctbench.cs.origin.TokenRingBad,random,0,23
sctbench.cs.origin.TokenRingBad,random,1,25
sctbench.cs.origin.TokenRingBad,random,1,25
sctbench.cs.origin.TokenRingBad,random,1,24
sctbench.cs.origin.TokenRingBad,random,0,21
sctbench.cs.origin.TokenRingBad,random,0,25
sctbench.cs.origin.TokenRingBad,random,1,24
sctbench.cs.origin.AccountBad,pct3,0,20
sctbench.cs.origin.AccountBad,pct3,1,24
sctbench.cs.origin.AccountBad,pct3,0,20
sctbench.cs.origin.AccountBad,pct3,0,20
sctbench.cs.origin.AccountBad,pct3,0,20
sctbench.cs.origin.AccountBad,pct3,0,20
sctbench.cs.origin.AccountBad,pct3,1,23
sctbench.cs.origin.AccountBad,pct3,1,22
sctbench.cs.origin.AccountBad,pct3,1,23
sctbench.cs.origin.AccountBad,pct3,0,21
sctbench.cs.origin.AccountBad,pct10,0,20
sctbench.cs.origin.AccountBad,pct10,1,23
sctbench.cs.origin.AccountBad,pct10,1,22
sctbench.cs.origin.AccountBad,pct10,0,20
sctbench.cs.origin.AccountBad,pct10,0,20
sctbench.cs.origin.AccountBad,pct10,1,22
sctbench.cs.origin.AccountBad,pct10,1,22
sctbench.cs.origin.AccountBad,pct10,1,23
sctbench.cs.origin.AccountBad,pct10,1,22
sctbench.cs.origin.AccountBad,pct10,0,20
sctbench.cs.origin.AccountBad,pct25,1,22
sctbench.cs.origin.AccountBad,pct25,1,22
sctbench.cs.origin.AccountBad,pct25,1,22
sctbench.cs.origin.AccountBad,pct25,0,20
sctbench.cs.origin.AccountBad,pct25,1,23
sctbench.cs.origin.AccountBad,pct25,0,23
sctbench.cs.origin.AccountBad,pct25,0,20
sctbench.cs.origin.AccountBad,pct25,1,23
sctbench.cs.origin.AccountBad,pct25,1,22
sctbench.cs.origin.AccountBad,pct25,1,23
sctbench.cs.origin.AccountBad,pos,0,20
sctbench.cs.origin.AccountBad,pos,1,23
sctbench.cs.origin.AccountBad,pos,1,24
sctbench.cs.origin.AccountBad,pos,1,23
sctbench.cs.origin.AccountBad,pos,1,24
sctbench.cs.origin.AccountBad,pos,0,22
sctbench.cs.origin.AccountBad,pos,0,21
sctbench.cs.origin.AccountBad,pos,0,21
sctbench.cs.origin.AccountBad,pos,1,23
sctbench.cs.origin.AccountBad,pos,1,24
sctbench.cs.origin.AccountBad,random,0,22
sctbench.cs.origin.AccountBad,random,1,22
sctbench.cs.origin.AccountBad,random,1,21
sctbench.cs.origin.AccountBad,random,1,23
sctbench.cs.origin.AccountBad,random,0,20
sctbench.cs.origin.AccountBad,random,1,23
sctbench.cs.origin.AccountBad,random,1,24
sctbench.cs.origin.AccountBad,random,1,24
sctbench.cs.origin.AccountBad,random,1,22
sctbench.cs.origin.AccountBad,random,1,23
sctbench.cs.origin.QueueBad,pct3,0,97
sctbench.cs.origin.QueueBad,pct3,0,96
sctbench.cs.origin.QueueBad,pct3,0,94
sctbench.cs.origin.QueueBad,pct3,0,103
sctbench.cs.origin.QueueBad,pct3,0,95
sctbench.cs.origin.QueueBad,pct3,0,97
sctbench.cs.origin.QueueBad,pct3,0,98
sctbench.cs.origin.QueueBad,pct3,0,95
sctbench.cs.origin.QueueBad,pct3,0,94
sctbench.cs.origin.QueueBad,pct3,0,29
sctbench.cs.origin.QueueBad,pct10,0,95
sctbench.cs.origin.QueueBad,pct10,0,99
sctbench.cs.origin.QueueBad,pct10,0,26
sctbench.cs.origin.QueueBad,pct10,0,97
sctbench.cs.origin.QueueBad,pct10,0,95
sctbench.cs.origin.QueueBad,pct10,0,101
sctbench.cs.origin.QueueBad,pct10,0,29
sctbench.cs.origin.QueueBad,pct10,0,32
sctbench.cs.origin.QueueBad,pct10,0,100
sctbench.cs.origin.QueueBad,pct10,0,28
sctbench.cs.origin.QueueBad,pct25,0,94
sctbench.cs.origin.QueueBad,pct25,0,27
sctbench.cs.origin.QueueBad,pct25,0,95
sctbench.cs.origin.QueueBad,pct25,0,94
sctbench.cs.origin.QueueBad,pct25,0,27
sctbench.cs.origin.QueueBad,pct25,0,98
sctbench.cs.origin.QueueBad,pct25,0,100
sctbench.cs.origin.QueueBad,pct25,0,33
sctbench.cs.origin.QueueBad,pct25,0,94
sctbench.cs.origin.QueueBad,pct25,0,94
sctbench.cs.origin.QueueBad,pos,0,93
sctbench.cs.origin.QueueBad,pos,0,92
sctbench.cs.origin.QueueBad,pos,0,34
sctbench.cs.origin.QueueBad,pos,0,28
sctbench.cs.origin.QueueBad,pos,0,30
sctbench.cs.origin.QueueBad,pos,0,34
sctbench.cs.origin.QueueBad,pos,1,99
sctbench.cs.origin.QueueBad,pos,0,95
sctbench.cs.origin.QueueBad,pos,1,36
sctbench.cs.origin.QueueBad,pos,0,95
sctbench.cs.origin.QueueBad,random,0,95
sctbench.cs.origin.QueueBad,random,0,93
sctbench.cs.origin.QueueBad,random,0,94
sctbench.cs.origin.QueueBad,random,0,89
sctbench.cs.origin.QueueBad,random,0,92
sctbench.cs.origin.QueueBad,random,0,87
sctbench.cs.origin.QueueBad,random,0,97
sctbench.cs.origin.QueueBad,random,0,90
sctbench.cs.origin.QueueBad,random,0,91
sctbench.cs.origin.QueueBad,random,0,89
sctbench.cs.origin.Reorder4Bad,pct3,253,310
sctbench.cs.origin.Reorder4Bad,pct3,33,82
sctbench.cs.origin.Reorder4Bad,pct3,37,89
sctbench.cs.origin.Reorder4Bad,pct3,47,99
sctbench.cs.origin.Reorder4Bad,pct3,5,40
sctbench.cs.origin.Reorder4Bad,pct3,103,163
sctbench.cs.origin.Reorder4Bad,pct3,30,77
sctbench.cs.origin.Reorder4Bad,pct3,156,216
sctbench.cs.origin.Reorder4Bad,pct3,74,133
sctbench.cs.origin.Reorder4Bad,pct3,15,61
sctbench.cs.origin.Reorder4Bad,pct10,11,53
sctbench.cs.origin.Reorder4Bad,pct10,1,33
sctbench.cs.origin.Reorder4Bad,pct10,9,47
sctbench.cs.origin.Reorder4Bad,pct10,51,111
sctbench.cs.origin.Reorder4Bad,pct10,62,118
sctbench.cs.origin.Reorder4Bad,pct10,18,68
sctbench.cs.origin.Reorder4Bad,pct10,138,207
sctbench.cs.origin.Reorder4Bad,pct10,151,214
sctbench.cs.origin.Reorder4Bad,pct10,3,37
sctbench.cs.origin.Reorder4Bad,pct10,82,146
sctbench.cs.origin.Reorder4Bad,pct25,66,128
sctbench.cs.origin.Reorder4Bad,pct25,53,114
sctbench.cs.origin.Reorder4Bad,pct25,87,157
sctbench.cs.origin.Reorder4Bad,pct25,28,80
sctbench.cs.origin.Reorder4Bad,pct25,24,74
sctbench.cs.origin.Reorder4Bad,pct25,307,373
sctbench.cs.origin.Reorder4Bad,pct25,60,123
sctbench.cs.origin.Reorder4Bad,pct25,79,141
sctbench.cs.origin.Reorder4Bad,pct25,14,61
sctbench.cs.origin.Reorder4Bad,pct25,8,50
sctbench.cs.origin.Reorder4Bad,pos,89,158
sctbench.cs.origin.Reorder4Bad,pos,10,50
sctbench.cs.origin.Reorder4Bad,pos,88,174
sctbench.cs.origin.Reorder4Bad,pos,12,59
sctbench.cs.origin.Reorder4Bad,pos,86,151
sctbench.cs.origin.Reorder4Bad,pos,23,74
sctbench.cs.origin.Reorder4Bad,pos,12,60
sctbench.cs.origin.Reorder4Bad,pos,104,176
sctbench.cs.origin.Reorder4Bad,pos,112,182
sctbench.cs.origin.Reorder4Bad,pos,69,135
sctbench.cs.origin.Reorder4Bad,random,523,524
sctbench.cs.origin.Reorder4Bad,random,805,683
sctbench.cs.origin.Reorder4Bad,random,91,154
sctbench.cs.origin.Reorder4Bad,random,69,128
sctbench.cs.origin.Reorder4Bad,random,164,229
sctbench.cs.origin.Reorder4Bad,random,141,209
sctbench.cs.origin.Reorder4Bad,random,191,260
sctbench.cs.origin.Reorder4Bad,random,146,210
sctbench.cs.origin.Reorder4Bad,random,310,348
sctbench.cs.origin.Reorder4Bad,random,433,432
sctbench.cs.origin.Carter01Bad,pct3,0,98
sctbench.cs.origin.Carter01Bad,pct3,10,117
sctbench.cs.origin.Carter01Bad,pct3,0,99
sctbench.cs.origin.Carter01Bad,pct3,6,107
sctbench.cs.origin.Carter01Bad,pct3,0,96
sctbench.cs.origin.Carter01Bad,pct3,0,96
sctbench.cs.origin.Carter01Bad,pct3,6,110
sctbench.cs.origin.Carter01Bad,pct3,2,99
sctbench.cs.origin.Carter01Bad,pct3,5,104
sctbench.cs.origin.Carter01Bad,pct3,0,96
sctbench.cs.origin.Carter01Bad,pct10,1,97
sctbench.cs.origin.Carter01Bad,pct10,2,102
sctbench.cs.origin.Carter01Bad,pct10,6,108
sctbench.cs.origin.Carter01Bad,pct10,0,95
sctbench.cs.origin.Carter01Bad,pct10,1,97
sctbench.cs.origin.Carter01Bad,pct10,1,100
sctbench.cs.origin.Carter01Bad,pct10,2,102
sctbench.cs.origin.Carter01Bad,pct10,1,95
sctbench.cs.origin.Carter01Bad,pct10,2,103
sctbench.cs.origin.Carter01Bad,pct10,2,96
sctbench.cs.origin.Carter01Bad,pct25,1,100
sctbench.cs.origin.Carter01Bad,pct25,0,96
sctbench.cs.origin.Carter01Bad,pct25,1,95
sctbench.cs.origin.Carter01Bad,pct25,1,97
sctbench.cs.origin.Carter01Bad,pct25,1,98
sctbench.cs.origin.Carter01Bad,pct25,1,94
sctbench.cs.origin.Carter01Bad,pct25,0,95
sctbench.cs.origin.Carter01Bad,pct25,0,98
sctbench.cs.origin.Carter01Bad,pct25,1,103
sctbench.cs.origin.Carter01Bad,pct25,0,98
sctbench.cs.origin.Carter01Bad,pos,0,93
sctbench.cs.origin.Carter01Bad,pos,0,92
sctbench.cs.origin.Carter01Bad,pos,1,97
sctbench.cs.origin.Carter01Bad,pos,0,97
sctbench.cs.origin.Carter01Bad,pos,0,92
sctbench.cs.origin.Carter01Bad,pos,1,97
sctbench.cs.origin.Carter01Bad,pos,0,92
sctbench.cs.origin.Carter01Bad,pos,2,99
sctbench.cs.origin.Carter01Bad,pos,0,93
sctbench.cs.origin.Carter01Bad,pos,0,89
sctbench.cs.origin.Carter01Bad,random,0,91
sctbench.cs.origin.Carter01Bad,random,1,94
sctbench.cs.origin.Carter01Bad,random,0,99
sctbench.cs.origin.Carter01Bad,random,1,95
sctbench.cs.origin.Carter01Bad,random,1,97
sctbench.cs.origin.Carter01Bad,random,0,95
sctbench.cs.origin.Carter01Bad,random,0,96
sctbench.cs.origin.Carter01Bad,random,1,92
sctbench.cs.origin.Carter01Bad,random,0,96
sctbench.cs.origin.Carter01Bad,random,0,92
sctbench.cs.origin.Phase01Bad,pct3,0,94
sctbench.cs.origin.Phase01Bad,pct3,0,20
sctbench.cs.origin.Phase01Bad,pct3,0,19
sctbench.cs.origin.Phase01Bad,pct3,0,93
sctbench.cs.origin.Phase01Bad,pct3,0,19
sctbench.cs.origin.Phase01Bad,pct3,0,19
sctbench.cs.origin.Phase01Bad,pct3,0,91
sctbench.cs.origin.Phase01Bad,pct3,0,20
sctbench.cs.origin.Phase01Bad,pct3,0,19
sctbench.cs.origin.Phase01Bad,pct3,0,22
sctbench.cs.origin.Phase01Bad,pct10,0,94
sctbench.cs.origin.Phase01Bad,pct10,0,19
sctbench.cs.origin.Phase01Bad,pct10,0,92
sctbench.cs.origin.Phase01Bad,pct10,0,92
sctbench.cs.origin.Phase01Bad,pct10,0,90
sctbench.cs.origin.Phase01Bad,pct10,0,18
sctbench.cs.origin.Phase01Bad,pct10,0,92
sctbench.cs.origin.Phase01Bad,pct10,0,20
sctbench.cs.origin.Phase01Bad,pct10,0,19
sctbench.cs.origin.Phase01Bad,pct10,0,92
sctbench.cs.origin.Phase01Bad,pct25,0,19
sctbench.cs.origin.Phase01Bad,pct25,0,93
sctbench.cs.origin.Phase01Bad,pct25,0,97
sctbench.cs.origin.Phase01Bad,pct25,0,20
sctbench.cs.origin.Phase01Bad,pct25,0,20
sctbench.cs.origin.Phase01Bad,pct25,0,20
sctbench.cs.origin.Phase01Bad,pct25,0,19
sctbench.cs.origin.Phase01Bad,pct25,0,92
sctbench.cs.origin.Phase01Bad,pct25,0,20
sctbench.cs.origin.Phase01Bad,pct25,0,98
sctbench.cs.origin.Phase01Bad,pos,0,86
sctbench.cs.origin.Phase01Bad,pos,0,91
sctbench.cs.origin.Phase01Bad,pos,0,90
sctbench.cs.origin.Phase01Bad,pos,0,89
sctbench.cs.origin.Phase01Bad,pos,0,87
sctbench.cs.origin.Phase01Bad,pos,0,92
sctbench.cs.origin.Phase01Bad,pos,0,86
sctbench.cs.origin.Phase01Bad,pos,0,91
sctbench.cs.origin.Phase01Bad,pos,0,95
sctbench.cs.origin.Phase01Bad,pos,0,87
sctbench.cs.origin.Phase01Bad,random,0,86
sctbench.cs.origin.Phase01Bad,random,0,88
sctbench.cs.origin.Phase01Bad,random,0,89
sctbench.cs.origin.Phase01Bad,random,0,89
sctbench.cs.origin.Phase01Bad,random,0,91
sctbench.cs.origin.Phase01Bad,random,0,91
sctbench.cs.origin.Phase01Bad,random,0,85
sctbench.cs.origin.Phase01Bad,random,0,90
sctbench.cs.origin.Phase01Bad,random,0,90
sctbench.cs.origin.Phase01Bad,random,0,90
sctbench.cs.origin.Sync02Bad,pct3,0,103
sctbench.cs.origin.Sync02Bad,pct3,0,25
sctbench.cs.origin.Sync02Bad,pct3,0,27
sctbench.cs.origin.Sync02Bad,pct3,0,24
sctbench.cs.origin.Sync02Bad,pct3,0,25
sctbench.cs.origin.Sync02Bad,pct3,0,25
sctbench.cs.origin.Sync02Bad,pct3,0,25
sctbench.cs.origin.Sync02Bad,pct3,0,24
sctbench.cs.origin.Sync02Bad,pct3,0,26
sctbench.cs.origin.Sync02Bad,pct3,0,26
sctbench.cs.origin.Sync02Bad,pct10,0,21
sctbench.cs.origin.Sync02Bad,pct10,0,27
sctbench.cs.origin.Sync02Bad,pct10,0,26
sctbench.cs.origin.Sync02Bad,pct10,0,103
sctbench.cs.origin.Sync02Bad,pct10,0,25
sctbench.cs.origin.Sync02Bad,pct10,0,25
sctbench.cs.origin.Sync02Bad,pct10,0,100
sctbench.cs.origin.Sync02Bad,pct10,0,97
sctbench.cs.origin.Sync02Bad,pct10,0,102
sctbench.cs.origin.Sync02Bad,pct10,0,26
sctbench.cs.origin.Sync02Bad,pct25,0,26
sctbench.cs.origin.Sync02Bad,pct25,0,25
sctbench.cs.origin.Sync02Bad,pct25,0,106
sctbench.cs.origin.Sync02Bad,pct25,0,26
sctbench.cs.origin.Sync02Bad,pct25,0,25
sctbench.cs.origin.Sync02Bad,pct25,0,26
sctbench.cs.origin.Sync02Bad,pct25,0,25
sctbench.cs.origin.Sync02Bad,pct25,0,109
sctbench.cs.origin.Sync02Bad,pct25,0,26
sctbench.cs.origin.Sync02Bad,pct25,0,26
sctbench.cs.origin.Sync02Bad,pos,0,103
sctbench.cs.origin.Sync02Bad,pos,0,26
sctbench.cs.origin.Sync02Bad,pos,0,100
sctbench.cs.origin.Sync02Bad,pos,0,28
sctbench.cs.origin.Sync02Bad,pos,0,25
sctbench.cs.origin.Sync02Bad,pos,0,26
sctbench.cs.origin.Sync02Bad,pos,0,101
sctbench.cs.origin.Sync02Bad,pos,0,27
sctbench.cs.origin.Sync02Bad,pos,0,27
sctbench.cs.origin.Sync02Bad,pos,0,25
sctbench.cs.origin.Sync02Bad,random,0,25
sctbench.cs.origin.Sync02Bad,random,0,27
sctbench.cs.origin.Sync02Bad,random,0,25
sctbench.cs.origin.Sync02Bad,random,0,25
sctbench.cs.origin.Sync02Bad,random,0,23
sctbench.cs.origin.Sync02Bad,random,0,24
sctbench.cs.origin.Sync02Bad,random,0,24
sctbench.cs.origin.Sync02Bad,random,0,27
sctbench.cs.origin.Sync02Bad,random,0,26
sctbench.cs.origin.Sync02Bad,random,0,23
sctbench.cs.origin.Reorder3Bad,pct3,70,116
sctbench.cs.origin.Reorder3Bad,pct3,140,171
sctbench.cs.origin.Reorder3Bad,pct3,76,111
sctbench.cs.origin.Reorder3Bad,pct3,106,140
sctbench.cs.origin.Reorder3Bad,pct3,32,74
sctbench.cs.origin.Reorder3Bad,pct3,30,72
sctbench.cs.origin.Reorder3Bad,pct3,19,61
sctbench.cs.origin.Reorder3Bad,pct3,126,162
sctbench.cs.origin.Reorder3Bad,pct3,167,187
sctbench.cs.origin.Reorder3Bad,pct3,49,89
sctbench.cs.origin.Reorder3Bad,pct10,12,48
sctbench.cs.origin.Reorder3Bad,pct10,5,37
sctbench.cs.origin.Reorder3Bad,pct10,9,43
sctbench.cs.origin.Reorder3Bad,pct10,4,36
sctbench.cs.origin.Reorder3Bad,pct10,15,51
sctbench.cs.origin.Reorder3Bad,pct10,31,72
sctbench.cs.origin.Reorder3Bad,pct10,26,71
sctbench.cs.origin.Reorder3Bad,pct10,21,61
sctbench.cs.origin.Reorder3Bad,pct10,45,91
sctbench.cs.origin.Reorder3Bad,pct10,18,61
sctbench.cs.origin.Reorder3Bad,pct25,45,90
sctbench.cs.origin.Reorder3Bad,pct25,17,57
sctbench.cs.origin.Reorder3Bad,pct25,28,75
sctbench.cs.origin.Reorder3Bad,pct25,152,191
sctbench.cs.origin.Reorder3Bad,pct25,44,88
sctbench.cs.origin.Reorder3Bad,pct25,67,112
sctbench.cs.origin.Reorder3Bad,pct25,17,59
sctbench.cs.origin.Reorder3Bad,pct25,32,75
sctbench.cs.origin.Reorder3Bad,pct25,2,35
sctbench.cs.origin.Reorder3Bad,pct25,126,169
sctbench.cs.origin.Reorder3Bad,pos,69,112
sctbench.cs.origin.Reorder3Bad,pos,5,38
sctbench.cs.origin.Reorder3Bad,pos,19,62
sctbench.cs.origin.Reorder3Bad,pos,7,45
sctbench.cs.origin.Reorder3Bad,pos,39,84
sctbench.cs.origin.Reorder3Bad,pos,6,39
sctbench.cs.origin.Reorder3Bad,pos,4,35
sctbench.cs.origin.Reorder3Bad,pos,26,72
sctbench.cs.origin.Reorder3Bad,pos,20,66
sctbench.cs.origin.Reorder3Bad,pos,35,79
sctbench.cs.origin.Reorder3Bad,random,47,90
sctbench.cs.origin.Reorder3Bad,random,25,67
sctbench.cs.origin.Reorder3Bad,random,74,117
sctbench.cs.origin.Reorder3Bad,random,92,141
sctbench.cs.origin.Reorder3Bad,random,20,62
sctbench.cs.origin.Reorder3Bad,random,31,73
sctbench.cs.origin.Reorder3Bad,random,139,181
sctbench.cs.origin.Reorder3Bad,random,109,147
sctbench.cs.origin.Reorder3Bad,random,125,164
sctbench.cs.origin.Reorder3Bad,random,40,85
sctbench.cs.origin.Reorder10Bad,pct3,92,271
sctbench.cs.origin.Reorder10Bad,pct3,272,595
sctbench.cs.origin.Reorder10Bad,pct3,1030,1754
sctbench.cs.origin.Reorder10Bad,pct3,730,1254
sctbench.cs.origin.Reorder10Bad,pct3,159,381
sctbench.cs.origin.Reorder10Bad,pct3,222,503
sctbench.cs.origin.Reorder10Bad,pct3,3,48
sctbench.cs.origin.Reorder10Bad,pct3,105,304
sctbench.cs.origin.Reorder10Bad,pct3,84,255
sctbench.cs.origin.Reorder10Bad,pct3,132,351
sctbench.cs.origin.Reorder10Bad,pct10,547,1054
sctbench.cs.origin.Reorder10Bad,pct10,727,1312
sctbench.cs.origin.Reorder10Bad,pct10,132,336
sctbench.cs.origin.Reorder10Bad,pct10,263,572
sctbench.cs.origin.Reorder10Bad,pct10,245,537
sctbench.cs.origin.Reorder10Bad,pct10,89,261
sctbench.cs.origin.Reorder10Bad,pct10,551,1062
sctbench.cs.origin.Reorder10Bad,pct10,955,2791
sctbench.cs.origin.Reorder10Bad,pct10,37,148
sctbench.cs.origin.Reorder10Bad,pct10,321,690
sctbench.cs.origin.Reorder10Bad,pct25,1398,2448
sctbench.cs.origin.Reorder10Bad,pct25,900,1612
sctbench.cs.origin.Reorder10Bad,pct25,1728,2985
sctbench.cs.origin.Reorder10Bad,pct25,1142,1962
sctbench.cs.origin.Reorder10Bad,pct25,640,1190
sctbench.cs.origin.Reorder10Bad,pct25,341,714
sctbench.cs.origin.Reorder10Bad,pct25,489,963
sctbench.cs.origin.Reorder10Bad,pct25,29,126
sctbench.cs.origin.Reorder10Bad,pct25,118,332
sctbench.cs.origin.Reorder10Bad,pct25,792,1492
sctbench.cs.origin.Reorder10Bad,pos,-1,15385
sctbench.cs.origin.Reorder10Bad,pos,6409,9400
sctbench.cs.origin.Reorder10Bad,pos,9746,14829
sctbench.cs.origin.Reorder10Bad,pos,-1,14489
sctbench.cs.origin.Reorder10Bad,pos,-1,15267
sctbench.cs.origin.Reorder10Bad,pos,-1,14534
sctbench.cs.origin.Reorder10Bad,pos,-1,15187
sctbench.cs.origin.Reorder10Bad,pos,1577,2977
sctbench.cs.origin.Reorder10Bad,pos,-1,14510
sctbench.cs.origin.Reorder10Bad,pos,8019,11785
sctbench.cs.origin.Reorder10Bad,random,-1,15193
sctbench.cs.origin.Reorder10Bad,random,-1,14846
sctbench.cs.origin.Reorder10Bad,random,-1,15608
sctbench.cs.origin.Reorder10Bad,random,-1,14751
sctbench.cs.origin.Reorder10Bad,random,-1,15503
sctbench.cs.origin.Reorder10Bad,random,-1,14815
sctbench.cs.origin.Reorder10Bad,random,-1,15934
sctbench.cs.origin.Reorder10Bad,random,-1,14961
sctbench.cs.origin.Reorder10Bad,random,-1,16127
sctbench.cs.origin.Reorder10Bad,random,-1,14600
sctbench.cs.origin.FsbenchBad,pct3,0,47
sctbench.cs.origin.FsbenchBad,pct3,0,48
sctbench.cs.origin.FsbenchBad,pct3,0,48
sctbench.cs.origin.FsbenchBad,pct3,0,49
sctbench.cs.origin.FsbenchBad,pct3,0,45
sctbench.cs.origin.FsbenchBad,pct3,0,47
sctbench.cs.origin.FsbenchBad,pct3,0,46
sctbench.cs.origin.FsbenchBad,pct3,0,48
sctbench.cs.origin.FsbenchBad,pct3,0,52
sctbench.cs.origin.FsbenchBad,pct3,0,48
sctbench.cs.origin.FsbenchBad,pct10,0,47
sctbench.cs.origin.FsbenchBad,pct10,0,49
sctbench.cs.origin.FsbenchBad,pct10,0,46
sctbench.cs.origin.FsbenchBad,pct10,0,49
sctbench.cs.origin.FsbenchBad,pct10,0,48
sctbench.cs.origin.FsbenchBad,pct10,0,47
sctbench.cs.origin.FsbenchBad,pct10,0,47
sctbench.cs.origin.FsbenchBad,pct10,0,47
sctbench.cs.origin.FsbenchBad,pct10,0,48
sctbench.cs.origin.FsbenchBad,pct10,0,54
sctbench.cs.origin.FsbenchBad,pct25,0,47
sctbench.cs.origin.FsbenchBad,pct25,0,49
sctbench.cs.origin.FsbenchBad,pct25,0,46
sctbench.cs.origin.FsbenchBad,pct25,0,49
sctbench.cs.origin.FsbenchBad,pct25,0,45
sctbench.cs.origin.FsbenchBad,pct25,0,45
sctbench.cs.origin.FsbenchBad,pct25,0,46
sctbench.cs.origin.FsbenchBad,pct25,0,49
sctbench.cs.origin.FsbenchBad,pct25,0,47
sctbench.cs.origin.FsbenchBad,pct25,0,46
sctbench.cs.origin.FsbenchBad,pos,0,72
sctbench.cs.origin.FsbenchBad,pos,0,50
sctbench.cs.origin.FsbenchBad,pos,0,51
sctbench.cs.origin.FsbenchBad,pos,0,49
sctbench.cs.origin.FsbenchBad,pos,0,49
sctbench.cs.origin.FsbenchBad,pos,0,50
sctbench.cs.origin.FsbenchBad,pos,0,54
sctbench.cs.origin.FsbenchBad,pos,0,52
sctbench.cs.origin.FsbenchBad,pos,0,54
sctbench.cs.origin.FsbenchBad,pos,0,51
sctbench.cs.origin.FsbenchBad,random,0,53
sctbench.cs.origin.FsbenchBad,random,0,51
sctbench.cs.origin.FsbenchBad,random,0,53
sctbench.cs.origin.FsbenchBad,random,0,52
sctbench.cs.origin.FsbenchBad,random,0,51
sctbench.cs.origin.FsbenchBad,random,0,51
sctbench.cs.origin.FsbenchBad,random,0,53
sctbench.cs.origin.FsbenchBad,random,0,52
sctbench.cs.origin.FsbenchBad,random,0,52
sctbench.cs.origin.FsbenchBad,random,0,52
sctbench.cs.origin.Lazy01Bad,pct3,1,28
sctbench.cs.origin.Lazy01Bad,pct3,0,25
sctbench.cs.origin.Lazy01Bad,pct3,0,26
sctbench.cs.origin.Lazy01Bad,pct3,0,26
sctbench.cs.origin.Lazy01Bad,pct3,0,26
sctbench.cs.origin.Lazy01Bad,pct3,1,27
sctbench.cs.origin.Lazy01Bad,pct3,0,25
sctbench.cs.origin.Lazy01Bad,pct3,1,27
sctbench.cs.origin.Lazy01Bad,pct3,1,27
sctbench.cs.origin.Lazy01Bad,pct3,0,25
sctbench.cs.origin.Lazy01Bad,pct10,1,27
sctbench.cs.origin.Lazy01Bad,pct10,1,27
sctbench.cs.origin.Lazy01Bad,pct10,0,27
sctbench.cs.origin.Lazy01Bad,pct10,1,27
sctbench.cs.origin.Lazy01Bad,pct10,0,25
sctbench.cs.origin.Lazy01Bad,pct10,0,26
sctbench.cs.origin.Lazy01Bad,pct10,1,27
sctbench.cs.origin.Lazy01Bad,pct10,0,26
sctbench.cs.origin.Lazy01Bad,pct10,1,28
sctbench.cs.origin.Lazy01Bad,pct10,1,27
sctbench.cs.origin.Lazy01Bad,pct25,1,27
sctbench.cs.origin.Lazy01Bad,pct25,1,28
sctbench.cs.origin.Lazy01Bad,pct25,1,28
sctbench.cs.origin.Lazy01Bad,pct25,1,28
sctbench.cs.origin.Lazy01Bad,pct25,1,27
sctbench.cs.origin.Lazy01Bad,pct25,1,27
sctbench.cs.origin.Lazy01Bad,pct25,1,27
sctbench.cs.origin.Lazy01Bad,pct25,0,27
sctbench.cs.origin.Lazy01Bad,pct25,0,27
sctbench.cs.origin.Lazy01Bad,pct25,1,27
sctbench.cs.origin.Lazy01Bad,pos,1,30
sctbench.cs.origin.Lazy01Bad,pos,1,29
sctbench.cs.origin.Lazy01Bad,pos,0,28
sctbench.cs.origin.Lazy01Bad,pos,1,28
sctbench.cs.origin.Lazy01Bad,pos,1,28
sctbench.cs.origin.Lazy01Bad,pos,1,29
sctbench.cs.origin.Lazy01Bad,pos,1,28
sctbench.cs.origin.Lazy01Bad,pos,1,29
sctbench.cs.origin.Lazy01Bad,pos,1,29
sctbench.cs.origin.Lazy01Bad,pos,0,29
sctbench.cs.origin.Lazy01Bad,random,0,23
sctbench.cs.origin.Lazy01Bad,random,0,25
sctbench.cs.origin.Lazy01Bad,random,1,29
sctbench.cs.origin.Lazy01Bad,random,0,22
sctbench.cs.origin.Lazy01Bad,random,1,30
sctbench.cs.origin.Lazy01Bad,random,0,26
sctbench.cs.origin.Lazy01Bad,random,1,27
sctbench.cs.origin.Lazy01Bad,random,0,27
sctbench.cs.origin.Lazy01Bad,random,1,28
sctbench.cs.origin.Lazy01Bad,random,1,27
sctbench.cs.origin.Reorder20Bad,pct3,11,110
sctbench.cs.origin.Reorder20Bad,pct3,1240,3906
sctbench.cs.origin.Reorder20Bad,pct3,721,2289
sctbench.cs.origin.Reorder20Bad,pct3,355,1248
sctbench.cs.origin.Reorder20Bad,pct3,64,330
sctbench.cs.origin.Reorder20Bad,pct3,31,210
sctbench.cs.origin.Reorder20Bad,pct3,398,1406
sctbench.cs.origin.Reorder20Bad,pct3,93,424
sctbench.cs.origin.Reorder20Bad,pct3,754,2465
sctbench.cs.origin.Reorder20Bad,pct3,97,434
sctbench.cs.origin.Reorder20Bad,pct10,92,464
sctbench.cs.origin.Reorder20Bad,pct10,27,192
sctbench.cs.origin.Reorder20Bad,pct10,19,159
sctbench.cs.origin.Reorder20Bad,pct10,137,590
sctbench.cs.origin.Reorder20Bad,pct10,104,470
sctbench.cs.origin.Reorder20Bad,pct10,288,1104
sctbench.cs.origin.Reorder20Bad,pct10,24,170
sctbench.cs.origin.Reorder20Bad,pct10,154,643
sctbench.cs.origin.Reorder20Bad,pct10,90,461
sctbench.cs.origin.Reorder20Bad,pct10,183,731
sctbench.cs.origin.Reorder20Bad,pct25,8,92
sctbench.cs.origin.Reorder20Bad,pct25,109,495
sctbench.cs.origin.Reorder20Bad,pct25,201,808
sctbench.cs.origin.Reorder20Bad,pct25,355,1315
sctbench.cs.origin.Reorder20Bad,pct25,80,384
sctbench.cs.origin.Reorder20Bad,pct25,368,1349
sctbench.cs.origin.Reorder20Bad,pct25,22,185
sctbench.cs.origin.Reorder20Bad,pct25,1,45
sctbench.cs.origin.Reorder20Bad,pct25,4,69
sctbench.cs.origin.Reorder20Bad,pct25,85,422
sctbench.cs.origin.Reorder20Bad,pos,-1,32104
sctbench.cs.origin.Reorder20Bad,pos,4096,11992
sctbench.cs.origin.Reorder20Bad,pos,-1,30542
sctbench.cs.origin.Reorder20Bad,pos,-1,29662
sctbench.cs.origin.Reorder20Bad,pos,6565,19645
sctbench.cs.origin.Reorder20Bad,pos,-1,30433
sctbench.cs.origin.Reorder20Bad,pos,-1,29927
sctbench.cs.origin.Reorder20Bad,pos,-1,29937
sctbench.cs.origin.Reorder20Bad,pos,572,2017
sctbench.cs.origin.Reorder20Bad,pos,-1,30020
sctbench.cs.origin.Reorder20Bad,random,-1,30718
sctbench.cs.origin.Reorder20Bad,random,-1,30919
sctbench.cs.origin.Reorder20Bad,random,-1,30705
sctbench.cs.origin.Reorder20Bad,random,-1,30831
sctbench.cs.origin.Reorder20Bad,random,-1,30707
sctbench.cs.origin.Reorder20Bad,random,-1,30587
sctbench.cs.origin.Reorder20Bad,random,-1,30879
sctbench.cs.origin.Reorder20Bad,random,-1,30671
sctbench.cs.origin.Reorder20Bad,random,-1,30543
sctbench.cs.origin.Reorder20Bad,random,-1,30722
sctbench.cs.origin.Twostage100Bad,pct3,-1,213930
sctbench.cs.origin.Twostage100Bad,pct3,-1,213233
sctbench.cs.origin.Twostage100Bad,pct3,-1,213580
sctbench.cs.origin.Twostage100Bad,pct3,-1,214632
sctbench.cs.origin.Twostage100Bad,pct3,-1,212531
sctbench.cs.origin.Twostage100Bad,pct3,-1,215676
sctbench.cs.origin.Twostage100Bad,pct3,-1,212120
sctbench.cs.origin.Twostage100Bad,pct3,-1,212165
sctbench.cs.origin.Twostage100Bad,pct3,-1,209799
sctbench.cs.origin.Twostage100Bad,pct3,-1,210560
sctbench.cs.origin.Twostage100Bad,pct10,-1,227101
sctbench.cs.origin.Twostage100Bad,pct10,-1,226077
sctbench.cs.origin.Twostage100Bad,pct10,7306,169340
sctbench.cs.origin.Twostage100Bad,pct10,8414,190283
sctbench.cs.origin.Twostage100Bad,pct10,1149,26029
sctbench.cs.origin.Twostage100Bad,pct10,4310,97756
sctbench.cs.origin.Twostage100Bad,pct10,1110,25360
sctbench.cs.origin.Twostage100Bad,pct10,8593,198299
sctbench.cs.origin.Twostage100Bad,pct10,3106,71160
sctbench.cs.origin.Twostage100Bad,pct10,2812,63789
sctbench.cs.origin.Twostage100Bad,pct25,5057,126472
sctbench.cs.origin.Twostage100Bad,pct25,365,9085
sctbench.cs.origin.Twostage100Bad,pct25,6240,157143
sctbench.cs.origin.Twostage100Bad,pct25,-1,247397
sctbench.cs.origin.Twostage100Bad,pct25,-1,244475
sctbench.cs.origin.Twostage100Bad,pct25,2335,57763
sctbench.cs.origin.Twostage100Bad,pct25,5536,136481
sctbench.cs.origin.Twostage100Bad,pct25,-1,247869
sctbench.cs.origin.Twostage100Bad,pct25,6591,168125
sctbench.cs.origin.Twostage100Bad,pct25,4869,118134
sctbench.cs.origin.Twostage100Bad,pos,9,2459
sctbench.cs.origin.Twostage100Bad,pos,45,3961
sctbench.cs.origin.Twostage100Bad,pos,5,735
sctbench.cs.origin.Twostage100Bad,pos,20,1878
sctbench.cs.origin.Twostage100Bad,pos,68,5857
sctbench.cs.origin.Twostage100Bad,pos,92,7662
sctbench.cs.origin.Twostage100Bad,pos,10,1276
sctbench.cs.origin.Twostage100Bad,pos,0,328
sctbench.cs.origin.Twostage100Bad,pos,35,3270
sctbench.cs.origin.Twostage100Bad,pos,57,4850
sctbench.cs.origin.Twostage100Bad,random,-1,707215
sctbench.cs.origin.Twostage100Bad,random,-1,703495
sctbench.cs.origin.Twostage100Bad,random,-1,702888
sctbench.cs.origin.Twostage100Bad,random,-1,714161
sctbench.cs.origin.Twostage100Bad,random,-1,701188
sctbench.cs.origin.Twostage100Bad,random,-1,714640
sctbench.cs.origin.Twostage100Bad,random,-1,709250
sctbench.cs.origin.Twostage100Bad,random,-1,692236
sctbench.cs.origin.Twostage100Bad,random,-1,714777
sctbench.cs.origin.Twostage100Bad,random,-1,718454
sctbench.cs.origin.Deadlock01Bad,pct3,7,102
sctbench.cs.origin.Deadlock01Bad,pct3,15,120
sctbench.cs.origin.Deadlock01Bad,pct3,1,93
sctbench.cs.origin.Deadlock01Bad,pct3,4,100
sctbench.cs.origin.Deadlock01Bad,pct3,10,103
sctbench.cs.origin.Deadlock01Bad,pct3,10,103
sctbench.cs.origin.Deadlock01Bad,pct3,6,101
sctbench.cs.origin.Deadlock01Bad,pct3,1,103
sctbench.cs.origin.Deadlock01Bad,pct3,2,98
sctbench.cs.origin.Deadlock01Bad,pct3,0,97
sctbench.cs.origin.Deadlock01Bad,pct10,1,92
sctbench.cs.origin.Deadlock01Bad,pct10,3,97
sctbench.cs.origin.Deadlock01Bad,pct10,4,99
sctbench.cs.origin.Deadlock01Bad,pct10,2,95
sctbench.cs.origin.Deadlock01Bad,pct10,1,99
sctbench.cs.origin.Deadlock01Bad,pct10,0,94
sctbench.cs.origin.Deadlock01Bad,pct10,0,99
sctbench.cs.origin.Deadlock01Bad,pct10,1,94
sctbench.cs.origin.Deadlock01Bad,pct10,1,91
sctbench.cs.origin.Deadlock01Bad,pct10,0,95
sctbench.cs.origin.Deadlock01Bad,pct25,3,98
sctbench.cs.origin.Deadlock01Bad,pct25,1,96
sctbench.cs.origin.Deadlock01Bad,pct25,1,96
sctbench.cs.origin.Deadlock01Bad,pct25,1,99
sctbench.cs.origin.Deadlock01Bad,pct25,0,99
sctbench.cs.origin.Deadlock01Bad,pct25,0,95
sctbench.cs.origin.Deadlock01Bad,pct25,2,102
sctbench.cs.origin.Deadlock01Bad,pct25,1,94
sctbench.cs.origin.Deadlock01Bad,pct25,1,96
sctbench.cs.origin.Deadlock01Bad,pct25,0,96
sctbench.cs.origin.Deadlock01Bad,pos,0,89
sctbench.cs.origin.Deadlock01Bad,pos,7,104
sctbench.cs.origin.Deadlock01Bad,pos,4,97
sctbench.cs.origin.Deadlock01Bad,pos,9,106
sctbench.cs.origin.Deadlock01Bad,pos,0,89
sctbench.cs.origin.Deadlock01Bad,pos,0,98
sctbench.cs.origin.Deadlock01Bad,pos,1,94
sctbench.cs.origin.Deadlock01Bad,pos,1,90
sctbench.cs.origin.Deadlock01Bad,pos,1,91
sctbench.cs.origin.Deadlock01Bad,pos,1,95
sctbench.cs.origin.Deadlock01Bad,random,1,92
sctbench.cs.origin.Deadlock01Bad,random,5,98
sctbench.cs.origin.Deadlock01Bad,random,0,91
sctbench.cs.origin.Deadlock01Bad,random,1,92
sctbench.cs.origin.Deadlock01Bad,random,2,92
sctbench.cs.origin.Deadlock01Bad,random,1,95
sctbench.cs.origin.Deadlock01Bad,random,2,93
sctbench.cs.origin.Deadlock01Bad,random,0,95
sctbench.cs.origin.Deadlock01Bad,random,0,89
sctbench.cs.origin.Deadlock01Bad,random,0,86
sctbench.cs.origin.CircularBufferBad,pct3,0,29
sctbench.cs.origin.CircularBufferBad,pct3,0,26
sctbench.cs.origin.CircularBufferBad,pct3,0,27
sctbench.cs.origin.CircularBufferBad,pct3,0,25
sctbench.cs.origin.CircularBufferBad,pct3,12,51
sctbench.cs.origin.CircularBufferBad,pct3,6,43
sctbench.cs.origin.CircularBufferBad,pct3,0,25
sctbench.cs.origin.CircularBufferBad,pct3,4,37
sctbench.cs.origin.CircularBufferBad,pct3,6,42
sctbench.cs.origin.CircularBufferBad,pct3,18,60
sctbench.cs.origin.CircularBufferBad,pct10,0,27
sctbench.cs.origin.CircularBufferBad,pct10,0,27
sctbench.cs.origin.CircularBufferBad,pct10,0,28
sctbench.cs.origin.CircularBufferBad,pct10,0,28
sctbench.cs.origin.CircularBufferBad,pct10,0,27
sctbench.cs.origin.CircularBufferBad,pct10,0,29
sctbench.cs.origin.CircularBufferBad,pct10,0,27
sctbench.cs.origin.CircularBufferBad,pct10,0,26
sctbench.cs.origin.CircularBufferBad,pct10,1,29
sctbench.cs.origin.CircularBufferBad,pct10,0,27
sctbench.cs.origin.CircularBufferBad,pct25,1,32
sctbench.cs.origin.CircularBufferBad,pct25,1,30
sctbench.cs.origin.CircularBufferBad,pct25,0,28
sctbench.cs.origin.CircularBufferBad,pct25,0,26
sctbench.cs.origin.CircularBufferBad,pct25,0,27
sctbench.cs.origin.CircularBufferBad,pct25,1,33
sctbench.cs.origin.CircularBufferBad,pct25,0,27
sctbench.cs.origin.CircularBufferBad,pct25,1,35
sctbench.cs.origin.CircularBufferBad,pct25,0,29
sctbench.cs.origin.CircularBufferBad,pct25,0,26
sctbench.cs.origin.CircularBufferBad,pos,0,27
sctbench.cs.origin.CircularBufferBad,pos,0,27
sctbench.cs.origin.CircularBufferBad,pos,0,27
sctbench.cs.origin.CircularBufferBad,pos,1,35
sctbench.cs.origin.CircularBufferBad,pos,0,28
sctbench.cs.origin.CircularBufferBad,pos,0,29
sctbench.cs.origin.CircularBufferBad,pos,0,28
sctbench.cs.origin.CircularBufferBad,pos,1,33
sctbench.cs.origin.CircularBufferBad,pos,1,34
sctbench.cs.origin.CircularBufferBad,pos,0,27
sctbench.cs.origin.CircularBufferBad,random,0,24
sctbench.cs.origin.CircularBufferBad,random,0,23
sctbench.cs.origin.CircularBufferBad,random,1,31
sctbench.cs.origin.CircularBufferBad,random,0,27
sctbench.cs.origin.CircularBufferBad,random,0,26
sctbench.cs.origin.CircularBufferBad,random,0,26
sctbench.cs.origin.CircularBufferBad,random,1,33
sctbench.cs.origin.CircularBufferBad,random,0,27
sctbench.cs.origin.CircularBufferBad,random,0,23
sctbench.cs.origin.CircularBufferBad,random,0,28
sctbench.cs.origin.WronglockBad,pct3,0,36
sctbench.cs.origin.WronglockBad,pct3,22,107
sctbench.cs.origin.WronglockBad,pct3,11,76
sctbench.cs.origin.WronglockBad,pct3,40,157
sctbench.cs.origin.WronglockBad,pct3,13,81
sctbench.cs.origin.WronglockBad,pct3,46,174
sctbench.cs.origin.WronglockBad,pct3,0,33
sctbench.cs.origin.WronglockBad,pct3,0,31
sctbench.cs.origin.WronglockBad,pct3,14,87
sctbench.cs.origin.WronglockBad,pct3,30,129
sctbench.cs.origin.WronglockBad,pct10,7,65
sctbench.cs.origin.WronglockBad,pct10,2,44
sctbench.cs.origin.WronglockBad,pct10,14,85
sctbench.cs.origin.WronglockBad,pct10,3,47
sctbench.cs.origin.WronglockBad,pct10,2,41
sctbench.cs.origin.WronglockBad,pct10,3,49
sctbench.cs.origin.WronglockBad,pct10,24,114
sctbench.cs.origin.WronglockBad,pct10,6,62
sctbench.cs.origin.WronglockBad,pct10,4,52
sctbench.cs.origin.WronglockBad,pct10,3,46
sctbench.cs.origin.WronglockBad,pct25,6,62
sctbench.cs.origin.WronglockBad,pct25,0,31
sctbench.cs.origin.WronglockBad,pct25,6,64
sctbench.cs.origin.WronglockBad,pct25,1,37
sctbench.cs.origin.WronglockBad,pct25,15,95
sctbench.cs.origin.WronglockBad,pct25,4,52
sctbench.cs.origin.WronglockBad,pct25,2,45
sctbench.cs.origin.WronglockBad,pct25,3,47
sctbench.cs.origin.WronglockBad,pct25,2,44
sctbench.cs.origin.WronglockBad,pct25,1,38
sctbench.cs.origin.WronglockBad,pos,0,33
sctbench.cs.origin.WronglockBad,pos,3,51
sctbench.cs.origin.WronglockBad,pos,0,32
sctbench.cs.origin.WronglockBad,pos,7,68
sctbench.cs.origin.WronglockBad,pos,3,51
sctbench.cs.origin.WronglockBad,pos,0,36
sctbench.cs.origin.WronglockBad,pos,0,33
sctbench.cs.origin.WronglockBad,pos,0,34
sctbench.cs.origin.WronglockBad,pos,6,66
sctbench.cs.origin.WronglockBad,pos,3,54
sctbench.cs.origin.WronglockBad,random,0,34
sctbench.cs.origin.WronglockBad,random,3,53
sctbench.cs.origin.WronglockBad,random,0,34
sctbench.cs.origin.WronglockBad,random,1,40
sctbench.cs.origin.WronglockBad,random,1,42
sctbench.cs.origin.WronglockBad,random,4,55
sctbench.cs.origin.WronglockBad,random,2,50
sctbench.cs.origin.WronglockBad,random,4,55
sctbench.cs.origin.WronglockBad,random,1,41
sctbench.cs.origin.WronglockBad,random,0,33
sctbench.cs.origin.Sync01Bad,pct3,0,107
sctbench.cs.origin.Sync01Bad,pct3,0,25
sctbench.cs.origin.Sync01Bad,pct3,0,26
sctbench.cs.origin.Sync01Bad,pct3,0,25
sctbench.cs.origin.Sync01Bad,pct3,0,25
sctbench.cs.origin.Sync01Bad,pct3,0,110
sctbench.cs.origin.Sync01Bad,pct3,0,104
sctbench.cs.origin.Sync01Bad,pct3,0,25
sctbench.cs.origin.Sync01Bad,pct3,0,98
sctbench.cs.origin.Sync01Bad,pct3,0,102
sctbench.cs.origin.Sync01Bad,pct10,0,111
sctbench.cs.origin.Sync01Bad,pct10,0,25
sctbench.cs.origin.Sync01Bad,pct10,0,104
sctbench.cs.origin.Sync01Bad,pct10,0,26
sctbench.cs.origin.Sync01Bad,pct10,0,27
sctbench.cs.origin.Sync01Bad,pct10,0,27
sctbench.cs.origin.Sync01Bad,pct10,0,110
sctbench.cs.origin.Sync01Bad,pct10,0,25
sctbench.cs.origin.Sync01Bad,pct10,0,25
sctbench.cs.origin.Sync01Bad,pct10,0,27
sctbench.cs.origin.Sync01Bad,pct25,0,25
sctbench.cs.origin.Sync01Bad,pct25,0,107
sctbench.cs.origin.Sync01Bad,pct25,0,109
sctbench.cs.origin.Sync01Bad,pct25,0,108
sctbench.cs.origin.Sync01Bad,pct25,0,104
sctbench.cs.origin.Sync01Bad,pct25,0,25
sctbench.cs.origin.Sync01Bad,pct25,0,101
sctbench.cs.origin.Sync01Bad,pct25,0,24
sctbench.cs.origin.Sync01Bad,pct25,0,101
sctbench.cs.origin.Sync01Bad,pct25,0,107
sctbench.cs.origin.Sync01Bad,pos,0,97
sctbench.cs.origin.Sync01Bad,pos,0,26
sctbench.cs.origin.Sync01Bad,pos,0,32
sctbench.cs.origin.Sync01Bad,pos,0,103
sctbench.cs.origin.Sync01Bad,pos,0,105
sctbench.cs.origin.Sync01Bad,pos,0,105
sctbench.cs.origin.Sync01Bad,pos,0,26
sctbench.cs.origin.Sync01Bad,pos,0,112
sctbench.cs.origin.Sync01Bad,pos,0,24
sctbench.cs.origin.Sync01Bad,pos,0,102
sctbench.cs.origin.Sync01Bad,random,0,20
sctbench.cs.origin.Sync01Bad,random,0,24
sctbench.cs.origin.Sync01Bad,random,0,20
sctbench.cs.origin.Sync01Bad,random,0,21
sctbench.cs.origin.Sync01Bad,random,0,21
sctbench.cs.origin.Sync01Bad,random,0,25
sctbench.cs.origin.Sync01Bad,random,0,20
sctbench.cs.origin.Sync01Bad,random,0,26
sctbench.cs.origin.Sync01Bad,random,0,21
sctbench.cs.origin.Sync01Bad,random,0,26
sctbench.cs.origin.Wronglock3Bad,pct3,62,134
sctbench.cs.origin.Wronglock3Bad,pct3,68,136
sctbench.cs.origin.Wronglock3Bad,pct3,62,134
sctbench.cs.origin.Wronglock3Bad,pct3,9,52
sctbench.cs.origin.Wronglock3Bad,pct3,0,29
sctbench.cs.origin.Wronglock3Bad,pct3,24,79
sctbench.cs.origin.Wronglock3Bad,pct3,5,43
sctbench.cs.origin.Wronglock3Bad,pct3,53,124
sctbench.cs.origin.Wronglock3Bad,pct3,58,124
sctbench.cs.origin.Wronglock3Bad,pct3,64,132
sctbench.cs.origin.Wronglock3Bad,pct10,0,28
sctbench.cs.origin.Wronglock3Bad,pct10,1,34
sctbench.cs.origin.Wronglock3Bad,pct10,7,47
sctbench.cs.origin.Wronglock3Bad,pct10,5,45
sctbench.cs.origin.Wronglock3Bad,pct10,3,38
sctbench.cs.origin.Wronglock3Bad,pct10,6,48
sctbench.cs.origin.Wronglock3Bad,pct10,10,54
sctbench.cs.origin.Wronglock3Bad,pct10,2,35
sctbench.cs.origin.Wronglock3Bad,pct10,0,29
sctbench.cs.origin.Wronglock3Bad,pct10,10,58
sctbench.cs.origin.Wronglock3Bad,pct25,4,42
sctbench.cs.origin.Wronglock3Bad,pct25,5,44
sctbench.cs.origin.Wronglock3Bad,pct25,5,45
sctbench.cs.origin.Wronglock3Bad,pct25,0,29
sctbench.cs.origin.Wronglock3Bad,pct25,7,49
sctbench.cs.origin.Wronglock3Bad,pct25,5,47
sctbench.cs.origin.Wronglock3Bad,pct25,5,46
sctbench.cs.origin.Wronglock3Bad,pct25,5,46
sctbench.cs.origin.Wronglock3Bad,pct25,7,49
sctbench.cs.origin.Wronglock3Bad,pct25,1,34
sctbench.cs.origin.Wronglock3Bad,pos,0,28
sctbench.cs.origin.Wronglock3Bad,pos,7,52
sctbench.cs.origin.Wronglock3Bad,pos,1,35
sctbench.cs.origin.Wronglock3Bad,pos,3,39
sctbench.cs.origin.Wronglock3Bad,pos,0,30
sctbench.cs.origin.Wronglock3Bad,pos,3,41
sctbench.cs.origin.Wronglock3Bad,pos,2,41
sctbench.cs.origin.Wronglock3Bad,pos,9,57
sctbench.cs.origin.Wronglock3Bad,pos,0,30
sctbench.cs.origin.Wronglock3Bad,pos,2,39
sctbench.cs.origin.Wronglock3Bad,random,0,30
sctbench.cs.origin.Wronglock3Bad,random,2,37
sctbench.cs.origin.Wronglock3Bad,random,0,31
sctbench.cs.origin.Wronglock3Bad,random,1,33
sctbench.cs.origin.Wronglock3Bad,random,4,42
sctbench.cs.origin.Wronglock3Bad,random,9,55
sctbench.cs.origin.Wronglock3Bad,random,5,46
sctbench.cs.origin.Wronglock3Bad,random,3,43
sctbench.cs.origin.Wronglock3Bad,random,2,37
sctbench.cs.origin.Wronglock3Bad,random,23,84
sctbench.cs.origin.ArithmeticProgBad,pct3,0,32
sctbench.cs.origin.ArithmeticProgBad,pct3,0,32
sctbench.cs.origin.ArithmeticProgBad,pct3,0,30
sctbench.cs.origin.ArithmeticProgBad,pct3,0,30
sctbench.cs.origin.ArithmeticProgBad,pct3,0,32
sctbench.cs.origin.ArithmeticProgBad,pct3,0,29
sctbench.cs.origin.ArithmeticProgBad,pct3,0,31
sctbench.cs.origin.ArithmeticProgBad,pct3,0,31
sctbench.cs.origin.ArithmeticProgBad,pct3,0,30
sctbench.cs.origin.ArithmeticProgBad,pct3,0,29
sctbench.cs.origin.ArithmeticProgBad,pct10,0,31
sctbench.cs.origin.ArithmeticProgBad,pct10,0,30
sctbench.cs.origin.ArithmeticProgBad,pct10,0,31
sctbench.cs.origin.ArithmeticProgBad,pct10,0,29
sctbench.cs.origin.ArithmeticProgBad,pct10,0,29
sctbench.cs.origin.ArithmeticProgBad,pct10,0,30
sctbench.cs.origin.ArithmeticProgBad,pct10,0,32
sctbench.cs.origin.ArithmeticProgBad,pct10,0,30
sctbench.cs.origin.ArithmeticProgBad,pct10,0,31
sctbench.cs.origin.ArithmeticProgBad,pct10,0,32
sctbench.cs.origin.ArithmeticProgBad,pct25,0,29
sctbench.cs.origin.ArithmeticProgBad,pct25,0,31
sctbench.cs.origin.ArithmeticProgBad,pct25,0,31
sctbench.cs.origin.ArithmeticProgBad,pct25,0,30
sctbench.cs.origin.ArithmeticProgBad,pct25,0,29
sctbench.cs.origin.ArithmeticProgBad,pct25,0,29
sctbench.cs.origin.ArithmeticProgBad,pct25,0,31
sctbench.cs.origin.ArithmeticProgBad,pct25,0,30
sctbench.cs.origin.ArithmeticProgBad,pct25,0,31
sctbench.cs.origin.ArithmeticProgBad,pct25,0,30
sctbench.cs.origin.ArithmeticProgBad,pos,0,32
sctbench.cs.origin.ArithmeticProgBad,pos,0,31
sctbench.cs.origin.ArithmeticProgBad,pos,0,32
sctbench.cs.origin.ArithmeticProgBad,pos,0,30
sctbench.cs.origin.ArithmeticProgBad,pos,0,31
sctbench.cs.origin.ArithmeticProgBad,pos,0,32
sctbench.cs.origin.ArithmeticProgBad,pos,0,30
sctbench.cs.origin.ArithmeticProgBad,pos,0,30
sctbench.cs.origin.ArithmeticProgBad,pos,0,30
sctbench.cs.origin.ArithmeticProgBad,pos,0,31
sctbench.cs.origin.ArithmeticProgBad,random,0,30
sctbench.cs.origin.ArithmeticProgBad,random,0,32
sctbench.cs.origin.ArithmeticProgBad,random,0,31
sctbench.cs.origin.ArithmeticProgBad,random,0,31
sctbench.cs.origin.ArithmeticProgBad,random,0,32
sctbench.cs.origin.ArithmeticProgBad,random,0,30
sctbench.cs.origin.ArithmeticProgBad,random,0,29
sctbench.cs.origin.ArithmeticProgBad,random,0,29
sctbench.cs.origin.ArithmeticProgBad,random,0,35
sctbench.cs.origin.ArithmeticProgBad,random,0,31
sctbench.cs.origin.Reorder5Bad,pct3,37,101
sctbench.cs.origin.Reorder5Bad,pct3,151,248
sctbench.cs.origin.Reorder5Bad,pct3,409,488
sctbench.cs.origin.Reorder5Bad,pct3,31,89
sctbench.cs.origin.Reorder5Bad,pct3,47,116
sctbench.cs.origin.Reorder5Bad,pct3,222,328
sctbench.cs.origin.Reorder5Bad,pct3,47,111
sctbench.cs.origin.Reorder5Bad,pct3,372,459
sctbench.cs.origin.Reorder5Bad,pct3,364,427
sctbench.cs.origin.Reorder5Bad,pct3,503,556
sctbench.cs.origin.Reorder5Bad,pct10,52,123
sctbench.cs.origin.Reorder5Bad,pct10,0,31
sctbench.cs.origin.Reorder5Bad,pct10,50,123
sctbench.cs.origin.Reorder5Bad,pct10,15,66
sctbench.cs.origin.Reorder5Bad,pct10,1,30
sctbench.cs.origin.Reorder5Bad,pct10,132,233
sctbench.cs.origin.Reorder5Bad,pct10,63,142
sctbench.cs.origin.Reorder5Bad,pct10,136,240
sctbench.cs.origin.Reorder5Bad,pct10,15,65
sctbench.cs.origin.Reorder5Bad,pct10,85,171
sctbench.cs.origin.Reorder5Bad,pct25,110,211
sctbench.cs.origin.Reorder5Bad,pct25,67,145
sctbench.cs.origin.Reorder5Bad,pct25,76,160
sctbench.cs.origin.Reorder5Bad,pct25,269,387
sctbench.cs.origin.Reorder5Bad,pct25,18,71
sctbench.cs.origin.Reorder5Bad,pct25,163,293
sctbench.cs.origin.Reorder5Bad,pct25,145,249
sctbench.cs.origin.Reorder5Bad,pct25,233,351
sctbench.cs.origin.Reorder5Bad,pct25,108,205
sctbench.cs.origin.Reorder5Bad,pct25,68,148
sctbench.cs.origin.Reorder5Bad,pos,36,100
sctbench.cs.origin.Reorder5Bad,pos,490,573
sctbench.cs.origin.Reorder5Bad,pos,18,72
sctbench.cs.origin.Reorder5Bad,pos,44,129
sctbench.cs.origin.Reorder5Bad,pos,11,62
sctbench.cs.origin.Reorder5Bad,pos,54,134
sctbench.cs.origin.Reorder5Bad,pos,145,249
sctbench.cs.origin.Reorder5Bad,pos,36,99
sctbench.cs.origin.Reorder5Bad,pos,231,341
sctbench.cs.origin.Reorder5Bad,pos,361,452
sctbench.cs.origin.Reorder5Bad,random,440,511
sctbench.cs.origin.Reorder5Bad,random,243,332
sctbench.cs.origin.Reorder5Bad,random,567,639
sctbench.cs.origin.Reorder5Bad,random,365,446
sctbench.cs.origin.Reorder5Bad,random,32,90
sctbench.cs.origin.Reorder5Bad,random,458,556
sctbench.cs.origin.Reorder5Bad,random,1568,1471
sctbench.cs.origin.Reorder5Bad,random,1953,1721
sctbench.cs.origin.Reorder5Bad,random,785,1285
sctbench.cs.origin.Reorder5Bad,random,871,919
sctbench.cs.origin.TwostageBad,pct3,0,31
sctbench.cs.origin.TwostageBad,pct3,3,35
sctbench.cs.origin.TwostageBad,pct3,2,32
sctbench.cs.origin.TwostageBad,pct3,2,31
sctbench.cs.origin.TwostageBad,pct3,40,75
sctbench.cs.origin.TwostageBad,pct3,6,41
sctbench.cs.origin.TwostageBad,pct3,40,75
sctbench.cs.origin.TwostageBad,pct3,73,102
sctbench.cs.origin.TwostageBad,pct3,0,27
sctbench.cs.origin.TwostageBad,pct3,10,44
sctbench.cs.origin.TwostageBad,pct10,1,31
sctbench.cs.origin.TwostageBad,pct10,2,32
sctbench.cs.origin.TwostageBad,pct10,3,34
sctbench.cs.origin.TwostageBad,pct10,5,36
sctbench.cs.origin.TwostageBad,pct10,4,36
sctbench.cs.origin.TwostageBad,pct10,0,28
sctbench.cs.origin.TwostageBad,pct10,30,69
sctbench.cs.origin.TwostageBad,pct10,17,54
sctbench.cs.origin.TwostageBad,pct10,5,38
sctbench.cs.origin.TwostageBad,pct10,4,34
sctbench.cs.origin.TwostageBad,pct25,7,45
sctbench.cs.origin.TwostageBad,pct25,12,49
sctbench.cs.origin.TwostageBad,pct25,11,47
sctbench.cs.origin.TwostageBad,pct25,6,42
sctbench.cs.origin.TwostageBad,pct25,33,75
sctbench.cs.origin.TwostageBad,pct25,1,29
sctbench.cs.origin.TwostageBad,pct25,4,37
sctbench.cs.origin.TwostageBad,pct25,5,38
sctbench.cs.origin.TwostageBad,pct25,0,31
sctbench.cs.origin.TwostageBad,pct25,33,78
sctbench.cs.origin.TwostageBad,pos,0,29
sctbench.cs.origin.TwostageBad,pos,2,35
sctbench.cs.origin.TwostageBad,pos,2,33
sctbench.cs.origin.TwostageBad,pos,9,45
sctbench.cs.origin.TwostageBad,pos,2,36
sctbench.cs.origin.TwostageBad,pos,0,26
sctbench.cs.origin.TwostageBad,pos,11,51
sctbench.cs.origin.TwostageBad,pos,8,46
sctbench.cs.origin.TwostageBad,pos,3,36
sctbench.cs.origin.TwostageBad,pos,0,28
sctbench.cs.origin.TwostageBad,random,10,48
sctbench.cs.origin.TwostageBad,random,134,173
sctbench.cs.origin.TwostageBad,random,11,49
sctbench.cs.origin.TwostageBad,random,18,55
sctbench.cs.origin.TwostageBad,random,178,205
sctbench.cs.origin.TwostageBad,random,11,50
sctbench.cs.origin.TwostageBad,random,6,40
sctbench.cs.origin.TwostageBad,random,18,57
sctbench.cs.origin.TwostageBad,random,43,89
sctbench.cs.origin.TwostageBad,random,71,111
sctbench.cs.hard.Reorder100Bad,pct3,-1,151078
sctbench.cs.hard.Reorder100Bad,pct3,-1,151697
sctbench.cs.hard.Reorder100Bad,pct3,-1,149392
sctbench.cs.hard.Reorder100Bad,pct3,-1,151490
sctbench.cs.hard.Reorder100Bad,pct3,-1,151802
sctbench.cs.hard.Reorder100Bad,pct3,-1,151088
sctbench.cs.hard.Reorder100Bad,pct3,-1,151097
sctbench.cs.hard.Reorder100Bad,pct3,-1,150791
sctbench.cs.hard.Reorder100Bad,pct3,-1,150182
sctbench.cs.hard.Reorder100Bad,pct3,-1,150616
sctbench.cs.hard.Reorder100Bad,pct10,-1,148256
sctbench.cs.hard.Reorder100Bad,pct10,-1,145244
sctbench.cs.hard.Reorder100Bad,pct10,-1,147796
sctbench.cs.hard.Reorder100Bad,pct10,-1,147591
sctbench.cs.hard.Reorder100Bad,pct10,-1,145798
sctbench.cs.hard.Reorder100Bad,pct10,-1,146477
sctbench.cs.hard.Reorder100Bad,pct10,-1,145875
sctbench.cs.hard.Reorder100Bad,pct10,-1,145470
sctbench.cs.hard.Reorder100Bad,pct10,-1,145886
sctbench.cs.hard.Reorder100Bad,pct10,-1,145580
sctbench.cs.hard.Reorder100Bad,pct25,-1,140536
sctbench.cs.hard.Reorder100Bad,pct25,-1,140468
sctbench.cs.hard.Reorder100Bad,pct25,-1,141031
sctbench.cs.hard.Reorder100Bad,pct25,-1,141933
sctbench.cs.hard.Reorder100Bad,pct25,-1,140403
sctbench.cs.hard.Reorder100Bad,pct25,-1,140649
sctbench.cs.hard.Reorder100Bad,pct25,-1,141601
sctbench.cs.hard.Reorder100Bad,pct25,-1,141276
sctbench.cs.hard.Reorder100Bad,pct25,-1,142322
sctbench.cs.hard.Reorder100Bad,pct25,-1,140530
sctbench.cs.hard.Reorder100Bad,pos,-1,146222
sctbench.cs.hard.Reorder100Bad,pos,-1,145222
sctbench.cs.hard.Reorder100Bad,pos,-1,145117
sctbench.cs.hard.Reorder100Bad,pos,-1,146543
sctbench.cs.hard.Reorder100Bad,pos,-1,146969
sctbench.cs.hard.Reorder100Bad,pos,-1,144991
sctbench.cs.hard.Reorder100Bad,pos,-1,145444
sctbench.cs.hard.Reorder100Bad,pos,-1,146971
sctbench.cs.hard.Reorder100Bad,pos,-1,145183
sctbench.cs.hard.Reorder100Bad,pos,-1,144827
sctbench.cs.hard.Reorder100Bad,random,-1,154385
sctbench.cs.hard.Reorder100Bad,random,-1,151956
sctbench.cs.hard.Reorder100Bad,random,-1,152754
sctbench.cs.hard.Reorder100Bad,random,-1,152956
sctbench.cs.hard.Reorder100Bad,random,-1,154448
sctbench.cs.hard.Reorder100Bad,random,-1,151878
sctbench.cs.hard.Reorder100Bad,random,-1,152804
sctbench.cs.hard.Reorder100Bad,random,-1,151855
sctbench.cs.hard.Reorder100Bad,random,-1,152357
sctbench.cs.hard.Reorder100Bad,random,-1,153960
sctbench.cs.hard.Reorder50Bad,pct3,-1,71853
sctbench.cs.hard.Reorder50Bad,pct3,-1,71939
sctbench.cs.hard.Reorder50Bad,pct3,6164,44286
sctbench.cs.hard.Reorder50Bad,pct3,2241,16118
sctbench.cs.hard.Reorder50Bad,pct3,7065,51534
sctbench.cs.hard.Reorder50Bad,pct3,-1,71918
sctbench.cs.hard.Reorder50Bad,pct3,-1,71722
sctbench.cs.hard.Reorder50Bad,pct3,-1,71714
sctbench.cs.hard.Reorder50Bad,pct3,-1,71591
sctbench.cs.hard.Reorder50Bad,pct3,-1,71824
sctbench.cs.hard.Reorder50Bad,pct10,-1,71115
sctbench.cs.hard.Reorder50Bad,pct10,8488,60214
sctbench.cs.hard.Reorder50Bad,pct10,-1,72202
sctbench.cs.hard.Reorder50Bad,pct10,5907,41945
sctbench.cs.hard.Reorder50Bad,pct10,-1,71115
sctbench.cs.hard.Reorder50Bad,pct10,-1,70662
sctbench.cs.hard.Reorder50Bad,pct10,5536,39229
sctbench.cs.hard.Reorder50Bad,pct10,-1,71533
sctbench.cs.hard.Reorder50Bad,pct10,3014,21265
sctbench.cs.hard.Reorder50Bad,pct10,-1,71394
sctbench.cs.hard.Reorder50Bad,pct25,-1,70517
sctbench.cs.hard.Reorder50Bad,pct25,-1,69963
sctbench.cs.hard.Reorder50Bad,pct25,-1,70191
sctbench.cs.hard.Reorder50Bad,pct25,-1,70163
sctbench.cs.hard.Reorder50Bad,pct25,-1,70308
sctbench.cs.hard.Reorder50Bad,pct25,-1,69899
sctbench.cs.hard.Reorder50Bad,pct25,-1,70060
sctbench.cs.hard.Reorder50Bad,pct25,-1,71308
sctbench.cs.hard.Reorder50Bad,pct25,-1,70598
sctbench.cs.hard.Reorder50Bad,pct25,9618,67432
sctbench.cs.hard.Reorder50Bad,pos,-1,71902
sctbench.cs.hard.Reorder50Bad,pos,-1,72122
sctbench.cs.hard.Reorder50Bad,pos,-1,71980
sctbench.cs.hard.Reorder50Bad,pos,-1,72257
sctbench.cs.hard.Reorder50Bad,pos,-1,71699
sctbench.cs.hard.Reorder50Bad,pos,-1,71834
sctbench.cs.hard.Reorder50Bad,pos,-1,72006
sctbench.cs.hard.Reorder50Bad,pos,-1,71705
sctbench.cs.hard.Reorder50Bad,pos,-1,71717
sctbench.cs.hard.Reorder50Bad,pos,-1,72009
sctbench.cs.hard.Reorder50Bad,random,-1,75637
sctbench.cs.hard.Reorder50Bad,random,-1,74412
sctbench.cs.hard.Reorder50Bad,random,-1,74090
sctbench.cs.hard.Reorder50Bad,random,-1,75045
sctbench.cs.hard.Reorder50Bad,random,-1,74893
sctbench.cs.hard.Reorder50Bad,random,-1,74602
sctbench.cs.hard.Reorder50Bad,random,-1,74447
sctbench.cs.hard.Reorder50Bad,random,-1,74481
sctbench.cs.hard.Reorder50Bad,random,-1,74689
sctbench.cs.hard.Reorder50Bad,random,-1,75142
